"park_name","park_type","state","region","unit_code","entrance_fee","fee_type","per_person_fee","fee_tier","total_visits_8yr","avg_annual_visits","visits_2024","traffic_tier","total_visitor_spending_8yr","avg_visitor_spending_8yr","total_economic_output_8yr","avg_economic_output_8yr","avg_jobs_supported_8yr","avg_labor_income_8yr","spending_per_visit","pricing_diagnosis","is_2026_surcharge_park","is_fee_eligible","exclusion_reason","cluster_tier","projected_fee_revenue_5_usd"
"Blue Ridge PKWY","National Parkway","NC","Southeast","BLRI",NULL,NULL,NULL,"Free","125010179","15626272","16733639","Major (>3M/yr)","9789467800","1223683475","12432070700","1554008838","16718","495638775","78.13","Untapped: Free + High Traffic",0,0,"Parkway: deed restrictions and diffuse multi-jurisdiction access",NULL,"0"
"Golden Gate NRA","National Recreation Area","CA","Pacific West","GOGA",NULL,NULL,NULL,"Free","119100781","14887598","17187508","Major (>3M/yr)","8358975100","1044871888","11085701200","1385712650","9467","617904100","69.19","Untapped: Free + High Traffic",0,0,"Urban NRA/NHP: uncontrolled multi-point access",NULL,"0"
"Great Smoky Mountains NP","National Park","TN","Southeast","GRSM",NULL,NULL,NULL,"Free","99992218","12499027","12191834","Major (>3M/yr)","11597948100","1449743513","16705917000","2088239625","20382","738898563","115.09","Untapped: Free + High Traffic",0,1,NULL,"Case Study (GRSM)","0"
"Gateway NRA","National Recreation Area","NY","Northeast","GATE",NULL,NULL,NULL,"Free","71667727","8958466","8929035","Major (>3M/yr)","2036772800","254596600","2365173400","295646675","2755","106764925","28.45","Untapped: Free + High Traffic",0,0,"Urban NRA/NHP: uncontrolled multi-point access",NULL,"0"
"George Washington MEM PKWY","National Parkway","VA","National Capital","GWMP",NULL,NULL,NULL,"Free","56968318","7121040","6782717","Major (>3M/yr)","759752600","94969075","1134986900","141873363","1220","53725763","13.37","Untapped: Free + High Traffic",0,0,"Memorial: practice and political precedent (no NPS memorial currently charges)",NULL,"0"
"Lincoln MEM","National Memorial","DC","National Capital","LINC",NULL,NULL,NULL,"Free","56745282","7093160","8479349","Major (>3M/yr)","1162470800","145308850","1712743100","214092888","1778","79922675","20.39","Untapped: Free + High Traffic",0,0,"Memorial: practice and political precedent (no NPS memorial currently charges)",NULL,"0"
"Lake Mead NRA","National Recreation Area","NV","Pacific West","LAKE","15","per-person","15","Mid ($10-19)","56369951","7046244","6412854","Major (>3M/yr)","2723361300","340420163","3324022900","415502863","3786","152785300","48.78","Aligned",0,1,NULL,NULL,"0"
"Natchez Trace PKWY","National Parkway","MS","Southeast","NATR",NULL,NULL,NULL,"Free","52203915","6525489","7364833","Major (>3M/yr)","2321500100","290187513","2844767200","355595900","3225","129517025","43.41","Untapped: Free + High Traffic",0,0,"Parkway: deed restrictions and diffuse multi-jurisdiction access",NULL,"0"
"Gulf Islands NS","National Seashore","FL","Southeast","GUIS","15","per-person","15","Mid ($10-19)","45018282","5627285","7801176","Major (>3M/yr)","2163970900","270496363","2743400300","342925038","3381","114058900","47.26","Aligned",0,1,NULL,NULL,"0"
"Grand Canyon NP","National Park","AZ","Intermountain","GRCA","20","per-person","20","High ($20+)","40423888","5052986","4919163","Major (>3M/yr)","6081612800","760201600","7834904800","979363100","9717","331007538","152.16","Aligned",1,1,NULL,NULL,"0"
"Chesapeake & Ohio Canal NHP","National Historical Park","MD","National Capital","CHOH","10","per-person","10","Mid ($10-19)","37486884","4685861","4421276","Major (>3M/yr)","758581600","94822700","1122001400","140250175","1216","51577925","20.28","Aligned",0,1,NULL,NULL,"0"
"Zion NP","National Park","UT","Intermountain","ZION","20","per-person","20","High ($20+)","36206449","4525806","4946592","Major (>3M/yr)","3753540600","469192575","5214266500","651783313","6997","189031488","100.83","Aligned",1,1,NULL,NULL,"0"
"World War II MEM","National Memorial","DC","National Capital","WWII",NULL,NULL,NULL,"Free","35107948","4388494","5160769","Major (>3M/yr)","719426300","89928288","1060459200","132557400","1101","49493075","20.39","Untapped: Free + High Traffic",0,0,"Memorial: practice and political precedent (no NPS memorial currently charges)",NULL,"0"
"Vietnam Veterans MEM","National Memorial","DC","National Capital","VIVE",NULL,NULL,NULL,"Free","34815301","4351913","5295711","Major (>3M/yr)","713864500","89233063","1052121400","131515175","1091","49084338","20.39","Untapped: Free + High Traffic",0,0,"Memorial: practice and political precedent (no NPS memorial currently charges)",NULL,"0"
"Rocky Mountain NP","National Park","CO","Intermountain","ROMO","15","per-person","15","Mid ($10-19)","34008418","4251052","4154349","Major (>3M/yr)","3193246800","399155850","4890532000","611316500","5248","223560863","94.30","Aligned",1,1,NULL,NULL,"0"
"Yellowstone NP","National Park","WY","Intermountain","YELL","20","per-person","20","High ($20+)","33454337","4181792","4744353","Major (>3M/yr)","4377787700","547223463","5644550000","705568750","7206","247198825","130.46","Aligned",1,1,NULL,NULL,"0"
"Cape Cod NS","National Seashore","MA","Northeast","CACO","15","per-person","15","Mid ($10-19)","31849046","3981131","3823242","Major (>3M/yr)","3942112100","492764013","5191793900","648974238","5783","236616588","124.36","Aligned",0,1,NULL,NULL,"0"
"Glen Canyon NRA","National Recreation Area","UT","Intermountain","GLCA","15","per-person","15","Mid ($10-19)","31597974","3949747","4725610","Major (>3M/yr)","3134136200","391767025","3788117800","473514725","4598","158256025","99.59","Aligned",0,1,NULL,NULL,"0"
"Delaware Water Gap NRA","National Recreation Area","PA","Northeast","DEWA",NULL,NULL,NULL,"Free","31114690","3889336","4079763","Major (>3M/yr)","1149594100","143699263","1689428200","211178525","1901","83940362","36.75","Untapped: Free + High Traffic",0,1,NULL,"Tier 2","13612676"
"Yosemite NP","National Park","CA","Pacific West","YOSE","20","per-person","20","High ($20+)","30011522","3751440","4121807","Major (>3M/yr)","3857820000","482227500","5055478700","631934838","5969","222143300","128.55","Aligned",1,1,NULL,NULL,"0"
"Acadia NP","National Park","ME","Northeast","ACAD","20","per-person","20","High ($20+)","29034075","3629259","3961661","Major (>3M/yr)","3334322800","416790350","4604990800","575623850","5631","190417438","114.18","Aligned",1,1,NULL,NULL,"0"
"Korean War Veterans MEM","National Memorial","DC","National Capital","KOWA",NULL,NULL,NULL,"Free","28942335","3617792","4344305","Major (>3M/yr)","675195000","84399375","1005135000","125641875","1047","48844125","22.87","Untapped: Free + High Traffic",0,0,"Memorial: practice and political precedent (no NPS memorial currently charges)",NULL,"0"
"Grand Teton NP","National Park","WY","Intermountain","GRTE","20","per-person","20","High ($20+)","27240184","3405023","3628222","Major (>3M/yr)","5363687900","670460988","6784176500","848022063","8564","294217638","196.92","Aligned",1,1,NULL,NULL,"0"
"Castle Clinton NM","National Monument","NY","Northeast","CACL",NULL,NULL,NULL,"Free","27155333","3394417","3822759","Major (>3M/yr)","728054700","91006838","876432700","109554088","881","43899675","26.92","Untapped: Free + High Traffic",0,0,"Urban NRA/NHP: uncontrolled multi-point access",NULL,"0"
"Statue of Liberty NM","National Monument","NY","Northeast","STLI",NULL,NULL,NULL,"Free","25753607","3219201","3722029","Major (>3M/yr)","1617845100","202230638","2294936800","286867100","2202","115279288","63.01","Untapped: Free + High Traffic",0,1,NULL,"Tier 2","11267204"
"Chattahoochee River NRA","National Recreation Area","GA","Southeast","CHAT","5","per-person","5","Low ($1-9)","25020259","3127532","2940804","Major (>3M/yr)","1189009700","148626213","1699997700","212499713","1991","73657238","47.43","Underpriced: Low Fee + High Traffic",0,1,NULL,NULL,"0"
"San Francisco Maritime NHP","National Historical Park","CA","Pacific West","SAFR",NULL,NULL,NULL,"Free","24836996","3104625","2535134","Major (>3M/yr)","658207600","82275950","763335400","95416925","793","39486100","26.92","Untapped: Free + High Traffic",0,1,NULL,"Tier 2","10866188"
"Independence NHP","National Historical Park","PA","Northeast","INDE",NULL,NULL,NULL,"Free","24832000","3104000","2798651","Major (>3M/yr)","1543676600","192959575","2331827200","291478400","2629","111339213","63.01","Untapped: Free + High Traffic",0,0,"Urban NRA/NHP: uncontrolled multi-point access",NULL,"0"
"Olympic NP","National Park","WA","Pacific West","OLYM","15","per-person","15","Mid ($10-19)","24068101","3008513","3717267","Major (>3M/yr)","2167238000","270904750","2991985900","373998238","2888","132401438","89.90","Aligned",0,1,NULL,NULL,"0"
"Colonial NHP","National Historical Park","VA","Northeast","COLO","15","per-person","15","Mid ($10-19)","24021386","3002673","2551228","Major (>3M/yr)","2418390000","302298750","3134799900","391849988","4374","121478238","101.91","Aligned",0,1,NULL,NULL,"0"
"Martin Luther King, Jr. MEM","National Memorial","DC","National Capital","MLKM",NULL,NULL,NULL,"Free","23917375","2989672","3251594","Significant (1M-3M/yr)","487682700","60960338","717653100","89706638","750","33506950","20.39","Untapped: Free + High Traffic",0,0,"Memorial: practice and political precedent (no NPS memorial currently charges)",NULL,"0"
"Joshua Tree NP","National Park","CA","Pacific West","JOTR","15","per-person","15","Mid ($10-19)","23569062","2946133","2991874","Significant (1M-3M/yr)","1261761400","157720175","1601580500","200197563","1862","73045088","53.38","Aligned",0,1,NULL,NULL,"0"
"Glacier NP","National Park","MT","Intermountain","GLAC","20","per-person","20","High ($20+)","23152009","2894001","3208755","Significant (1M-3M/yr)","2760538300","345067288","3972495400","496561925","5110","166524850","119.55","Aligned",1,1,NULL,NULL,"0"
"Franklin Delano Roosevelt MEM","National Memorial","DC","National Capital","FRDE",NULL,NULL,NULL,"Free","22948334","2868542","3225923","Significant (1M-3M/yr)","377161200","47145150","553220700","69152588","600","26203063","16.88","Untapped: Free + High Traffic",0,0,"Memorial: practice and political precedent (no NPS memorial currently charges)",NULL,"0"
"Cape Hatteras NS","National Seashore","NC","Southeast","CAHA",NULL,NULL,NULL,"Free","21937936","2742242","2762954","Significant (1M-3M/yr)","2823756800","352969600","3696444200","462055525","5027","166357963","126.89","Untapped: Free + High Traffic",0,1,NULL,"Tier 1","9597847"
"Thomas Jefferson MEM","National Memorial","DC","National Capital","JEFM",NULL,NULL,NULL,"Free","21224261","2653033","2915319","Significant (1M-3M/yr)","543545800","67943225","811265400","101408175","843","39528775","25.07","Untapped: Free + High Traffic",0,0,"Memorial: practice and political precedent (no NPS memorial currently charges)",NULL,"0"
"Cuyahoga Valley NP","National Park","OH","Midwest","CUVA",NULL,NULL,NULL,"Free","20577657","2572207","2912454","Significant (1M-3M/yr)","575181600","71897700","858597100","107324638","994","37677463","27.15","Untapped: Free + High Traffic",0,1,NULL,"Tier 1","9002725"
"Indiana Dunes NP","National Park","IN","Midwest","INDU","15","per-person","15","Mid ($10-19)","19824432","2478054","2705209","Significant (1M-3M/yr)","948402000","118550250","1338870900","167358863","1368","63071075","47.37","Aligned",0,1,NULL,NULL,"0"
"Point Reyes NS","National Seashore","CA","Pacific West","PORE",NULL,NULL,NULL,"Free","19086274","2385784","2371800","Significant (1M-3M/yr)","968048900","121006113","1236574900","154571863","1190","64734975","50.72","Untapped: Free + High Traffic",0,1,NULL,"Tier 1","8350244"
"Assateague Island NS","National Seashore","MD","Northeast","ASIS","25","per-vehicle","10","Mid ($10-19)","18947609","2368451","2282498","Significant (1M-3M/yr)","895837800","111979725","1027961600","128495200","1339","44415138","47.25","Aligned",0,1,NULL,NULL,"0"
"Bryce Canyon NP","National Park","UT","Intermountain","BRCA","20","per-person","20","High ($20+)","18729325","2341166","2498075","Significant (1M-3M/yr)","1677817500","209727188","1957727000","244715875","2832","73733700","89.55","Aligned",1,1,NULL,NULL,"0"
"Boston NHP","National Historical Park","MA","Northeast","BOST",NULL,NULL,NULL,"Free","18441061","2305133","2744458","Significant (1M-3M/yr)","1156610000","144576250","1694057800","211757225","1795","82658563","63.01","Untapped: Free + High Traffic",0,1,NULL,"Tier 2","8067966"
"Mount Rushmore NMEM","National Memorial","SD","Midwest","MORU",NULL,NULL,NULL,"Free","18035440","2254430","1850329","Significant (1M-3M/yr)","1760259600","220032450","2399063500","299882938","3063","98167363","97.89","Untapped: Free + High Traffic",0,0,"Memorial: practice and political precedent (no NPS memorial currently charges)",NULL,"0"
"Rock Creek Park","Park (Other)","DC","National Capital","ROCR",NULL,NULL,NULL,"Free","16663054","2082882","1917170","Significant (1M-3M/yr)","337664100","42208013","497935400","62241925","526","23237063","20.39","Untapped: Free + High Traffic",0,1,NULL,"Tier 2","7290087"
"Kennesaw Mountain NBP","National Battlefield Park","GA","Southeast","KEMO","5","per-person","5","Low ($1-9)","16238239","2029780","1495856","Significant (1M-3M/yr)","1006098400","125762300","1541670300","192708788","1848","67063000","63.01","Underpriced: Low Fee + High Traffic",0,1,NULL,NULL,"0"
"Hot Springs NP","National Park","AR","Midwest","HOSP",NULL,NULL,NULL,"Free","15657667","1957208","2461812","Significant (1M-3M/yr)","1098776300","137347038","1459135800","182391975","1913","53398763","69.02","Untapped: Free + High Traffic",0,1,NULL,"Tier 1","6850228"
"Valley Forge NHP","National Historical Park","PA","Northeast","VAFO",NULL,NULL,NULL,"Free","15208244","1901031","1866480","Significant (1M-3M/yr)","206704000","25838000","323247000","40405875","388","14958813","13.66","Untapped: Free + High Traffic",0,1,NULL,"Tier 2","6653609"
"Canaveral NS","National Seashore","FL","Southeast","CANA","15","per-person","15","Mid ($10-19)","14546811","1818351","1884091","Significant (1M-3M/yr)","628881300","78610163","857466800","107183350","991","36339425","43.39","Aligned",0,1,NULL,NULL,"0"
"Gateway Arch NP","National Park","MO","Midwest","JEFF",NULL,NULL,NULL,"Free","13705441","1713180","2563052","Significant (1M-3M/yr)","1189318100","148664763","1942277200","242784650","2343","84214575","90.34","Untapped: Free + High Traffic",0,1,NULL,"Tier 1","5996130"
"Big Cypress NPRES","National Preserve","FL","Southeast","BICY",NULL,NULL,NULL,"Free","13436873","1679609","2216708","Significant (1M-3M/yr)","1184872500","148109063","1727997700","215999713","1839","74615588","85.91","Untapped: Free + High Traffic",0,1,NULL,"Tier 1","5878632"
"Sleeping Bear Dunes NL","National Lakeshore","MI","Midwest","SLBE","25","per-vehicle","10","Mid ($10-19)","13102768","1637846","1670025","Significant (1M-3M/yr)","1528174600","191021825","1895323800","236915475","2471","72707450","116.67","Aligned",0,1,NULL,NULL,"0"
"Chickasaw NRA","National Recreation Area","OK","Intermountain","CHIC",NULL,NULL,NULL,"Free","12507780","1563473","1670498","Significant (1M-3M/yr)","223048600","27881075","180027200","22503400","256","7172775","17.72","Untapped: Free + High Traffic",0,1,NULL,"Tier 2","5472156"
"Arches NP","National Park","UT","Intermountain","ARCH","15","per-person","15","Mid ($10-19)","12316460","1539558","1466528","Significant (1M-3M/yr)","1817607500","227200938","2255528900","281941113","3038","89796713","148.59","Aligned",0,1,NULL,NULL,"0"
"Mount Rainier NP","National Park","WA","Pacific West","MORA","15","per-person","15","Mid ($10-19)","12183491","1522936","1620006","Significant (1M-3M/yr)","479566200","59945775","611041900","76380238","611","27479425","39.10","Aligned",0,1,NULL,NULL,"0"
"Shenandoah NP","National Park","VA","Northeast","SHEN","15","per-person","15","Mid ($10-19)","12153357","1519170","1720211","Significant (1M-3M/yr)","850506500","106313313","1150154000","143769250","1239","54249263","69.86","Aligned",0,1,NULL,NULL,"0"
"Pearl Harbor NMEM","National Memorial","HI","Pacific West","PERL",NULL,NULL,NULL,"Free","11871183","1483898","1588798","Significant (1M-3M/yr)","1994145200","249268150","2906942300","363367788","2633","123488150","172.35","Untapped: Free + High Traffic",0,0,"Memorial: practice and political precedent (no NPS memorial currently charges)",NULL,"0"
"Buffalo NR","National River","AR","Midwest","BUFF",NULL,NULL,NULL,"Free","11575198","1446900","1686348","Significant (1M-3M/yr)","549194500","68649313","646133200","80766650","913","25198513","47.26","Untapped: Free + High Traffic",0,1,NULL,"Tier 1","5064150"
"New River Gorge NP & PRES","National Park","WV","Northeast","NERI",NULL,NULL,NULL,"Free","11446783","1430848","1811937","Significant (1M-3M/yr)","549021700","68627713","648466500","81058313","891","26211538","47.34","Untapped: Free + High Traffic",0,1,NULL,"Tier 1","5007968"
"John D. Rockefeller, Jr. MEM PKWY","National Parkway","WY","Intermountain","JODR",NULL,NULL,NULL,"Free","11275643","1409455","1459804","Significant (1M-3M/yr)","74701200","9337650","84309200","10538650","114","3898950","6.67","Untapped: Free + High Traffic",0,0,"Memorial: practice and political precedent (no NPS memorial currently charges)",NULL,"0"
"Hawaii Volcanoes NP","National Park","HI","Pacific West","HAVO","15","per-person","15","Mid ($10-19)","10989339","1373667","1433593","Significant (1M-3M/yr)","1292775300","161596913","1688494900","211061863","1604","72794200","116.23","Aligned",0,1,NULL,NULL,"0"
"Lake Meredith NRA","National Recreation Area","TX","Intermountain","LAMR",NULL,NULL,NULL,"Free","10511507","1313938","1212905","Significant (1M-3M/yr)","395156600","49394575","408487200","51060900","586","16817813","37.37","Untapped: Free + High Traffic",0,1,NULL,"Tier 2","4598783"
"Death Valley NP","National Park","CA","Pacific West","DEVA","15","per-person","15","Mid ($10-19)","10349984","1293748","1440484","Significant (1M-3M/yr)","922411200","115301400","1204660900","150582613","1349","55152100","89.26","Aligned",0,1,NULL,NULL,"0"
"Ozark NSR","National River","MO","Midwest","OZAR",NULL,NULL,NULL,"Free","10266231","1283279","1343779","Significant (1M-3M/yr)","482490200","60311275","537260300","67157538","835","20094650","46.88","Untapped: Free + High Traffic",0,1,NULL,"Tier 1","4491477"
"Lake Roosevelt NRA","National Recreation Area","WA","Pacific West","LARO",NULL,NULL,NULL,"Free","10156549","1269569","1091489","Significant (1M-3M/yr)","481361200","60170150","576656700","72082088","696","23242400","47.67","Untapped: Free + High Traffic",0,1,NULL,"Tier 2","4443492"
"San Antonio Missions NHP","National Historical Park","TX","Intermountain","SAAN",NULL,NULL,NULL,"Free","10045658","1255707","1278777","Significant (1M-3M/yr)","757692600","94711575","1146232800","143279100","1378","48163850","75.62","Untapped: Free + High Traffic",0,1,NULL,"Tier 2","4394975"
"National Capital Parks East","Park (Other)","DC","National Capital","NCPE",NULL,NULL,NULL,"Free","9925224","1240653","1271126","Significant (1M-3M/yr)","219114000","27389250","322360200","40295025","340","15166588","22.05","Untapped: Free + High Traffic",0,1,NULL,"Tier 2","4342286"
"Capitol Reef NP","National Park","UT","Intermountain","CARE","10","per-person","10","Mid ($10-19)","9909661","1238708","1422490","Significant (1M-3M/yr)","789399400","98674925","898681000","112335125","1250","32748088","79.20","Aligned",0,1,NULL,NULL,"0"
"National Capital Parks Central","Park (Other)","DC","National Capital","NCPC",NULL,NULL,NULL,"Free","9841671","1230209","1034341","Significant (1M-3M/yr)","426869900","53358738","639373500","79921688","656","31373925","48.95","Untapped: Free + High Traffic",0,1,NULL,"Tier 2","4305732"
"Fort Point NHS","National Historic Site","CA","Pacific West","FOPO",NULL,NULL,NULL,"Free","9235204","1154401","1189908","Significant (1M-3M/yr)","576867700","72108463","796835800","99604475","798","41200650","63.01","Untapped: Free + High Traffic",0,1,NULL,"Tier 2","4040404"
"Sequoia NP","National Park","CA","Pacific West","SEQU","20","per-person","20","High ($20+)","9065875","1133234","1309573","Significant (1M-3M/yr)","736174400","92021800","876540000","109567500","1099","39308188","81.14","Aligned",1,1,NULL,NULL,"0"
"Amistad NRA","National Recreation Area","TX","Intermountain","AMIS",NULL,NULL,NULL,"Free","8698651","1087331","832294","Significant (1M-3M/yr)","407527100","50940888","425119500","53139938","638","16468900","47.38","Untapped: Free + High Traffic",0,1,NULL,"Tier 2","3805659"
"Timucuan EHP","National Preserve","FL","Southeast","TIMU",NULL,NULL,NULL,"Free","8569840","1071230","997136","Significant (1M-3M/yr)","537401900","67175238","763746000","95468250","961","31745313","63.01","Untapped: Free + High Traffic",0,1,NULL,"Tier 1","3749305"
"Badlands NP","National Park","SD","Midwest","BADL","15","per-person","15","Mid ($10-19)","8322877","1040360","1094245","Significant (1M-3M/yr)","695677900","86959737","913058600","114132325","1140","35634350","83.01","Aligned",0,1,NULL,NULL,"0"
"San Juan NHS","National Historic Site","PR","Southeast","SAJU","10","per-person","10","Mid ($10-19)","8123629","1015454","1329728","Significant (1M-3M/yr)","640721800","80090225","887501000","110937625","854","39328475","74.82","Aligned",0,1,NULL,NULL,"0"
"Minute Man NHP","National Historical Park","MA","Northeast","MIMA",NULL,NULL,NULL,"Free","7964216","995527","879316","Moderate (100K-1M/yr)","500278100","62534763","736373900","92046738","786","35875613","63.01","Aligned",0,1,NULL,NULL,"0"
"Pictured Rocks NL","National Lakeshore","MI","Midwest","PIRO","15","per-person","15","Mid ($10-19)","7770319","971290","953052","Moderate (100K-1M/yr)","367304900","45913113","379228400","47403550","541","14572225","47.10","Aligned",0,1,NULL,NULL,"0"
"Curecanti NRA","National Recreation Area","CO","Intermountain","CURE",NULL,NULL,NULL,"Free","7705584","963198","980899","Moderate (100K-1M/yr)","363198300","45399788","416031300","52003913","511","17993613","47.07","Aligned",0,1,NULL,NULL,"0"
"Saguaro NP","National Park","AZ","Intermountain","SAGU","15","per-person","15","Mid ($10-19)","7649872","956234","946369","Moderate (100K-1M/yr)","530853800","66356725","789023500","98627938","873","34020750","69.31","Aligned",0,1,NULL,NULL,"0"
"Fort Vancouver NHS","National Historic Site","WA","Pacific West","FOVA","10","per-person","10","Mid ($10-19)","7617568","952196","1007756","Moderate (100K-1M/yr)","479506500","59938313","708602400","88575300","823","31760675","63.01","Aligned",0,1,NULL,NULL,"0"
"Chickamauga & Chattanooga NMP","National Military Park","GA","Southeast","CHCH","10","per-person","10","Mid ($10-19)","7530636","941330","1003081","Moderate (100K-1M/yr)","475527500","59440938","596021300","74502663","837","23865475","62.99","Aligned",0,1,NULL,NULL,"0"
"Stonewall NM","National Monument","NY","Northeast","STON",NULL,NULL,NULL,"Free","7494192","936774","2302641","Moderate (100K-1M/yr)","487358600","60919825","696461700","87057713","631","34643913","63.45","Aligned",0,1,NULL,NULL,"0"
"Ross Lake NRA","National Recreation Area","WA","Pacific West","ROLA",NULL,NULL,NULL,"Free","7367709","920964","971173","Moderate (100K-1M/yr)","355497600","44437200","426313600","53289200","416","19808363","48.16","Aligned",0,1,NULL,NULL,"0"
"Everglades NP","National Park","FL","Southeast","EVER","20","per-person","20","High ($20+)","7085795","885724","741983","Moderate (100K-1M/yr)","795667300","99458413","1221398700","152674838","1323","53812038","113.58","Possibly Overpriced",1,1,NULL,NULL,"0"
"Whiskeytown NRA","National Recreation Area","CA","Pacific West","WHIS","15","per-person","15","Mid ($10-19)","6964582","870573","812244","Moderate (100K-1M/yr)","332186800","41523350","375847100","46980888","497","16919150","47.25","Aligned",0,1,NULL,NULL,"0"
"Haleakala NP","National Park","HI","Pacific West","HALE","15","per-person","15","Mid ($10-19)","6934581","866823","732477","Moderate (100K-1M/yr)","475862100","59482763","599767300","74970913","599","26573350","68.85","Aligned",0,1,NULL,NULL,"0"
"Fredericksburg & Spotsylvania NMP","National Military Park","VA","Northeast","FRSP",NULL,NULL,NULL,"Free","6747545","843443","818533","Moderate (100K-1M/yr)","423526300","52940788","586862500","73357813","646","27705800","63.01","Aligned",0,1,NULL,NULL,"0"
"President's Park","Park (Other)","DC","National Capital","PRPA",NULL,NULL,NULL,"Free","6522050","815256","915636","Moderate (100K-1M/yr)","132028400","16503550","193406600","24175825","203","9017075","20.39","Aligned",0,1,NULL,NULL,"0"
"Gettysburg NMP","National Military Park","PA","Northeast","GETT",NULL,NULL,NULL,"Free","6386262","798283","741574","Moderate (100K-1M/yr)","439686000","54960750","610665400","76333175","656","28951388","69.31","Aligned",0,1,NULL,NULL,"0"
"Cabrillo NM","National Monument","CA","Pacific West","CABR","10","per-person","10","Mid ($10-19)","6233118","779140","845912","Moderate (100K-1M/yr)","392464600","49058075","537875000","67234375","612","25790488","63.01","Aligned",0,1,NULL,NULL,"0"
"Santa Monica Mountains NRA","National Recreation Area","CA","Pacific West","SAMO",NULL,NULL,NULL,"Free","6230654","778832","639745","Moderate (100K-1M/yr)","294305600","36788200","407808500","50976063","435","19637813","47.43","Aligned",0,1,NULL,NULL,"0"
"Big South Fork NRRA","National River","TN","Southeast","BISO",NULL,NULL,NULL,"Free","6223277","777910","779602","Moderate (100K-1M/yr)","207759000","25969875","231468700","28933588","302","9805863","33.34","Aligned",0,1,NULL,NULL,"0"
"Muir Woods NM","National Monument","CA","Pacific West","MUWO","15","per-person","15","Mid ($10-19)","6214874","776859","792494","Moderate (100K-1M/yr)","689646000","86205750","943951600","117993950","808","51897125","113.65","Aligned",0,1,NULL,NULL,"0"
"Saint Croix NSR","National Wild & Scenic River","WI","Midwest","SACN",NULL,NULL,NULL,"Free","6206957","775870","900828","Moderate (100K-1M/yr)","291910100","36488763","409576900","51197113","477","17790838","46.82","Aligned",0,1,NULL,NULL,"0"
"Mojave NPRES","National Preserve","CA","Pacific West","MOJA",NULL,NULL,NULL,"Free","6198117","774765","424864","Moderate (100K-1M/yr)","390076100","48759513","502663600","62832950","582","23342238","62.96","Aligned",0,1,NULL,NULL,"0"
"Klondike Gold Rush NHP Alaska","National Historical Park","AK","Alaska","KLGO",NULL,NULL,NULL,"Free","6036706","754588","1336008","Moderate (100K-1M/yr)","1014881200","126860150","1306549200","163318650","1826","68508375","139.30","Aligned",0,1,NULL,NULL,"0"
"Canyonlands NP","National Park","UT","Intermountain","CANY","15","per-person","15","Mid ($10-19)","6019185","752398","818492","Moderate (100K-1M/yr)","553918800","69239850","649257100","81157138","856","25922900","90.13","Aligned",0,1,NULL,NULL,"0"
"Cumberland Gap NHP","National Historical Park","KY","Southeast","CUGA",NULL,NULL,NULL,"Free","5935413","741927","729249","Moderate (100K-1M/yr)","314573400","39321675","389940100","48742513","516","15925988","53.11","Aligned",0,1,NULL,NULL,"0"
"Cedar Breaks NM","National Monument","UT","Intermountain","CEBR","15","per-person","15","Mid ($10-19)","5778098","722262","722834","Moderate (100K-1M/yr)","398756200","49844525","476696600","59587075","649","18667000","69.21","Aligned",0,1,NULL,NULL,"0"
"Theodore Roosevelt NP","National Park","ND","Midwest","THRO","15","per-person","15","Mid ($10-19)","5644930","705616","732951","Moderate (100K-1M/yr)","386175600","48271950","429964600","53745575","580","17645925","68.28","Aligned",0,1,NULL,NULL,"0"
"Little River Canyon NPRES","National Preserve","AL","Southeast","LIRI","15","per-vehicle","6","Low ($1-9)","5313288","664161","763209","Moderate (100K-1M/yr)","338509000","42313625","453549400","56693675","611","18316000","63.01","Aligned",0,1,NULL,NULL,"0"
"White Sands NP","National Park","NM","Intermountain","WHSA","15","per-person","15","Mid ($10-19)","5158572","644822","702236","Moderate (100K-1M/yr)","314731200","39341400","376466700","47058338","509","14641550","60.28","Aligned",0,1,NULL,NULL,"0"
"Crater Lake NP","National Park","OR","Pacific West","CRLA","15","per-person","15","Mid ($10-19)","5047348","630919","504942","Moderate (100K-1M/yr)","464563500","58070438","645412300","80676538","822","28684425","92.90","Aligned",0,1,NULL,NULL,"0"
"Kings Canyon NP","National Park","CA","Pacific West","KICA",NULL,NULL,NULL,"Free","4985500","623188","699389","Moderate (100K-1M/yr)","458271900","57283988","578346500","72293313","729","25939063","91.65","Aligned",1,1,NULL,NULL,"0"
"Fort Matanzas NM","National Monument","FL","Southeast","FOMA",NULL,NULL,NULL,"Free","4977054","622132","680040","Moderate (100K-1M/yr)","315148400","39393550","439352200","54919025","558","17962188","63.01","Aligned",0,1,NULL,NULL,"0"
"Castillo de San Marcos NM","National Monument","FL","Southeast","CASA","15","per-person","15","Mid ($10-19)","4899481","612435","579825","Moderate (100K-1M/yr)","307240800","38405100","425100600","53137575","549","17404400","63.01","Aligned",0,1,NULL,NULL,"0"
"Wind Cave NP","National Park","SD","Midwest","WICA",NULL,NULL,NULL,"Free","4738353","592294","489399","Moderate (100K-1M/yr)","429929200","53741150","587730900","73466363","759","23044588","90.69","Aligned",0,1,NULL,NULL,"0"
"Padre Island NS","National Seashore","TX","Intermountain","PAIS","15","per-person","15","Mid ($10-19)","4675092","584387","514722","Moderate (100K-1M/yr)","238523500","29815438","282368000","35296000","386","11435000","51.83","Aligned",0,1,NULL,NULL,"0"
"Mammoth Cave NP","National Park","KY","Southeast","MACA",NULL,NULL,NULL,"Free","4543454","567932","747042","Moderate (100K-1M/yr)","411624500","51453063","574692600","71836575","681","25393200","89.92","Aligned",0,1,NULL,NULL,"0"
"Fort Sumter and Fort Moultrie NHP","National Historical Park","SC","Southeast","FOSU","10","per-person","10","Mid ($10-19)","4530492","566312","384308","Moderate (100K-1M/yr)","278951000","34868875","355634000","44454250","457","14976913","63.01","Aligned",0,1,NULL,NULL,"0"
"Biscayne NP","National Park","FL","Southeast","BISC",NULL,NULL,NULL,"Free","4517639","564705","512213","Moderate (100K-1M/yr)","314275700","39284463","446639600","55829950","492","19627563","69.21","Aligned",0,1,NULL,NULL,"0"
"Petrified Forest NP","National Park","AZ","Intermountain","PEFO","15","per-person","15","Mid ($10-19)","4476038","559505","559254","Moderate (100K-1M/yr)","309566100","38695763","347364800","43420600","466","13860600","69.35","Aligned",0,1,NULL,NULL,"0"
"Manassas NBP","National Battlefield Park","VA","National Capital","MANA",NULL,NULL,NULL,"Free","4372245","546531","541965","Moderate (100K-1M/yr)","275202000","34400250","389530400","48691300","417","18470113","63.01","Aligned",0,1,NULL,NULL,"0"
"Martin Luther King, Jr. NHP","National Historical Park","GA","Southeast","MALU",NULL,NULL,NULL,"Free","4097406","512176","1159438","Moderate (100K-1M/yr)","260154300","32519288","397516000","49689500","450","17211363","63.01","Aligned",0,1,NULL,NULL,"0"
"Mesa Verde NP","National Park","CO","Intermountain","MEVE","15","per-person","15","Mid ($10-19)","4054414","506802","480065","Moderate (100K-1M/yr)","449421400","56177675","561412300","70176538","740","21607488","111.03","Aligned",0,1,NULL,NULL,"0"
"Great Sand Dunes NP & PRES","National Park","CO","Intermountain","GRSA","15","per-person","15","Mid ($10-19)","3964839","495605","437661","Moderate (100K-1M/yr)","257244600","32155575","301085200","37635650","408","11759475","64.77","Aligned",0,1,NULL,NULL,"0"
"Cape Lookout NS","National Seashore","NC","Southeast","CALO",NULL,NULL,NULL,"Free","3938388","492299","552786","Moderate (100K-1M/yr)","191721100","23965138","210471000","26308875","311","8387938","48.58","Aligned",0,1,NULL,NULL,"0"
"Devils Tower NM","National Monument","WY","Intermountain","DETO","15","per-person","15","Mid ($10-19)","3925549","490694","540890","Moderate (100K-1M/yr)","271800000","33975000","347665900","43458238","440","13433413","68.97","Aligned",0,1,NULL,NULL,"0"
"Big Bend NP","National Park","TX","Intermountain","BIBE","15","per-person","15","Mid ($10-19)","3904020","488003","561458","Moderate (100K-1M/yr)","357473300","44684163","405829000","50728625","602","15592938","91.06","Aligned",0,1,NULL,NULL,"0"
"Glacier Bay NP & PRES","National Park","AK","Alaska","GLBA",NULL,NULL,NULL,"Free","3898274","487284","736282","Moderate (100K-1M/yr)","1467236700","183404588","2396618300","299577288","2213","95902238","376.14","Aligned",0,1,NULL,NULL,"0"
"Lassen Volcanic NP","National Park","CA","Pacific West","LAVO","15","per-person","15","Mid ($10-19)","3648559","456070","357651","Moderate (100K-1M/yr)","255180800","31897600","299415700","37426963","402","13067813","71.48","Aligned",0,1,NULL,NULL,"0"
"Redwood NP","National Park","CA","Pacific West","REDW",NULL,NULL,NULL,"Free","3623702","452963","622883","Moderate (100K-1M/yr)","250185700","31273213","307980900","38497613","403","13445738","68.61","Aligned",0,1,NULL,NULL,"0"
"World War I MEM","National Memorial","DC","National Capital","WWIM",NULL,NULL,NULL,"Free","3598847","449856","1084897","Moderate (100K-1M/yr)","78554000","19638500","105988000","26497000","200","10366000","21.70","Aligned",0,0,"Memorial: practice and political precedent (no NPS memorial currently charges)",NULL,"0"
"Colorado NM","National Monument","CO","Intermountain","COLM","15","per-person","15","Mid ($10-19)","3537659","442207","488038","Moderate (100K-1M/yr)","241015900","30126988","296911600","37113950","387","11649338","67.63","Aligned",0,1,NULL,NULL,"0"
"Denali NP & PRES","National Park","AK","Alaska","DENA","15","per-person","15","Mid ($10-19)","3515503","439438","466227","Moderate (100K-1M/yr)","3806766400","475845800","5556790000","694598750","5923","236745600","1090.66","Aligned",0,1,NULL,NULL,"0"
"San Juan Island NHP","National Historical Park","WA","Pacific West","SAJH",NULL,NULL,NULL,"Free","3443388","430424","405925","Moderate (100K-1M/yr)","220295300","27536913","286652300","35831538","279","13219813","63.01","Aligned",0,1,NULL,NULL,"0"
"Vicksburg NMP","National Military Park","MS","Southeast","VICK","10","per-person","10","Mid ($10-19)","3250903","406363","403332","Moderate (100K-1M/yr)","203993700","25499213","273046600","34130825","383","10385550","63.01","Aligned",0,1,NULL,NULL,"0"
"Fort Pulaski NM","National Monument","GA","Southeast","FOPU","10","per-person","10","Mid ($10-19)","3208378","401047","356993","Moderate (100K-1M/yr)","223159100","27894888","278688300","34836038","346","11583813","69.38","Aligned",0,1,NULL,NULL,"0"
"Carlsbad Caverns NP","National Park","NM","Intermountain","CAVE","15","per-person","15","Mid ($10-19)","3205235","400654","460474","Moderate (100K-1M/yr)","222213000","27776625","245251000","30656375","346","9732488","69.37","Aligned",0,1,NULL,NULL,"0"
"Wright Brothers NMEM","National Memorial","NC","Southeast","WRBR","10","per-person","10","Mid ($10-19)","3202674","400334","406593","Moderate (100K-1M/yr)","202678800","25334850","266083000","33260375","362","10569475","63.01","Aligned",0,0,"Memorial: practice and political precedent (no NPS memorial currently charges)",NULL,"0"
"Fort Washington Park","Park (Other)","MD","National Capital","FOWA",NULL,NULL,NULL,"Free","3200105","400013","491013","Moderate (100K-1M/yr)","204488900","25561113","290378900","36297363","304","13775213","63.01","Aligned",0,1,NULL,NULL,"0"
"Ford's Theatre NHS","National Historic Site","DC","National Capital","FOTH",NULL,NULL,NULL,"Free","3177195","397149","457132","Moderate (100K-1M/yr)","63998000","7999750","93421300","11677663","99","4353575","20.39","Aligned",0,1,NULL,NULL,"0"
"Catoctin Mountain Park","Park (Other)","MD","National Capital","CATO",NULL,NULL,NULL,"Free","3156766","394596","380681","Moderate (100K-1M/yr)","163058100","20382263","219982900","27497863","243","10508663","51.93","Aligned",0,1,NULL,NULL,"0"
"Shiloh NMP","National Military Park","TN","Southeast","SHIL",NULL,NULL,NULL,"Free","3076033","384504","386152","Moderate (100K-1M/yr)","193580600","24197575","227103600","28387950","341","8745925","63.01","Aligned",0,1,NULL,NULL,"0"
"Canyon de Chelly NM","National Monument","AZ","Intermountain","CACH",NULL,NULL,NULL,"Free","3062420","382803","387433","Moderate (100K-1M/yr)","252171900","31521488","299787500","37473438","420","10680288","84.50","Aligned",0,1,NULL,NULL,"0"
"War in the Pacific NHP","National Historical Park","GU","Pacific West","WAPA",NULL,NULL,NULL,"Free","3060625","382578","373974","Moderate (100K-1M/yr)","192871600","24108950","248697200","31087150","255","11167575","63.01","Aligned",0,1,NULL,NULL,"0"
"Dwight D. Eisenhower MEM","National Memorial","DC","National Capital","DDEM",NULL,NULL,NULL,"Free","2972639","371580","731476","Moderate (100K-1M/yr)","64155000","12831000","96328000","19265600","151","7171000","21.25","Aligned",0,0,"Memorial: practice and political precedent (no NPS memorial currently charges)",NULL,"0"
"Montezuma Castle NM","National Monument","AZ","Intermountain","MOCA","10","per-person","10","Mid ($10-19)","2935974","366997","379967","Moderate (100K-1M/yr)","185276100","23159513","276034900","34504363","313","12158288","63.01","Aligned",0,1,NULL,NULL,"0"
"Flight 93 NMEM","National Memorial","PA","Northeast","FLNI",NULL,NULL,NULL,"Free","2899279","362410","349566","Moderate (100K-1M/yr)","182842900","22855363","260897200","32612150","331","11687775","63.01","Aligned",0,0,"Memorial: practice and political precedent (no NPS memorial currently charges)",NULL,"0"
"Pu'uhonua o Honaunau NHP","National Historical Park","HI","Pacific West","PUHO","10","per-person","10","Mid ($10-19)","2872094","359012","454268","Moderate (100K-1M/yr)","180478700","22559838","232659700","29082463","239","10433325","63.01","Aligned",0,1,NULL,NULL,"0"
"Fort McHenry NM & HS","National Monument","MD","Northeast","FOMC","15","per-person","15","Mid ($10-19)","2858917","357365","394175","Moderate (100K-1M/yr)","178369800","22296225","253991200","31748900","278","11954600","63.01","Aligned",0,1,NULL,NULL,"0"
"Wolf Trap NP for the Performing Arts","Park (Other)","VA","National Capital","WOTR",NULL,NULL,NULL,"Free","2852787","356598","447863","Moderate (100K-1M/yr)","181414400","22676800","260288100","32536013","277","12256638","63.01","Aligned",0,1,NULL,NULL,"0"
"White House","Park (Other)","DC","National Capital","WHHO",NULL,NULL,NULL,"Free","2815615","351952","517030","Moderate (100K-1M/yr)","57547500","7193438","84224600","10528075","87","3920238","20.39","Aligned",0,1,NULL,NULL,"0"
"Harpers Ferry NHP","National Historical Park","WV","National Capital","HAFE","10","per-person","10","Mid ($10-19)","2774597","346825","488049","Moderate (100K-1M/yr)","148655700","18581963","226528600","28316075","244","10728625","52.87","Aligned",0,1,NULL,NULL,"0"
"Jean Lafitte NHP & PRES","National Historical Park","LA","Southeast","JELA",NULL,NULL,NULL,"Free","2747915","343489","212591","Moderate (100K-1M/yr)","169585300","21198163","226986700","28373338","296","9380038","63.01","Aligned",0,1,NULL,NULL,"0"
"Boston African American NHS","National Historic Site","MA","Northeast","BOAF",NULL,NULL,NULL,"Free","2746497","343312","393386","Moderate (100K-1M/yr)","173378300","21672288","254985500","31873188","269","12457525","63.01","Aligned",0,1,NULL,NULL,"0"
"Salem Maritime NHP","National Historical Park","MA","Northeast","SAMA",NULL,NULL,NULL,"Free","2746319","343290","488831","Moderate (100K-1M/yr)","175409800","21926225","259048900","32381113","266","12755563","63.01","Aligned",0,1,NULL,NULL,"0"
"Kenai Fjords NP","National Park","AK","Alaska","KEFJ",NULL,NULL,NULL,"Free","2706395","338299","419468","Moderate (100K-1M/yr)","524533200","65566650","774639300","96829913","1092","37751838","191.79","Aligned",0,1,NULL,NULL,"0"
"Black Canyon of the Gunnison NP","National Park","CO","Intermountain","BLCA","15","per-person","15","Mid ($10-19)","2689641","336205","335862","Moderate (100K-1M/yr)","180478500","22559813","222403600","27800450","261","9636513","67.15","Aligned",0,1,NULL,NULL,"0"
"Stones River NB","National Battlefield","TN","Southeast","STRI",NULL,NULL,NULL,"Free","2651999","331500","446160","Moderate (100K-1M/yr)","145308100","18163513","205256100","25657013","231","9424375","55.38","Aligned",0,1,NULL,NULL,"0"
"Vanderbilt Mansion NHS","National Historic Site","NY","Northeast","VAMA","15","per-person","15","Mid ($10-19)","2648913","331114","406077","Moderate (100K-1M/yr)","141213400","17651675","187171900","23396488","209","8689063","53.80","Aligned",0,1,NULL,NULL,"0"
"Fire Island NS","National Seashore","NY","Northeast","FIIS",NULL,NULL,NULL,"Free","2625224","328153","303731","Moderate (100K-1M/yr)","123265900","15408238","159628700","19953588","154","8052938","47.25","Aligned",0,1,NULL,NULL,"0"
"Prince William Forest Park","Park (Other)","VA","National Capital","PRWI","10","per-person","10","Mid ($10-19)","2618755","327344","355196","Moderate (100K-1M/yr)","140441900","17555238","188507400","23563425","205","9056750","53.67","Aligned",0,1,NULL,NULL,"0"
"Channel Islands NP","National Park","CA","Pacific West","CHIS",NULL,NULL,NULL,"Free","2560681","320085","262581","Moderate (100K-1M/yr)","164486100","20560763","235034800","29379350","246","11420913","64.18","Aligned",0,1,NULL,NULL,"0"
"Dinosaur NM","National Monument","CO","Intermountain","DINO","15","per-person","15","Mid ($10-19)","2542658","317832","322113","Moderate (100K-1M/yr)","167802400","20975300","188568200","23571025","250","7592475","65.75","Aligned",0,1,NULL,NULL,"0"
"Mississippi NRRA","National River","MN","Midwest","MISS",NULL,NULL,NULL,"Free","2516320","314540","256133","Moderate (100K-1M/yr)","117996700","14749588","167199300","20899913","196","7234450","47.43","Aligned",0,1,NULL,NULL,"0"
"Guilford Courthouse NMP","National Military Park","NC","Southeast","GUCO",NULL,NULL,NULL,"Free","2461575","307697","461143","Moderate (100K-1M/yr)","157379000","19672375","224726300","28090788","281","9546963","63.01","Aligned",0,1,NULL,NULL,"0"
"Nez Perce NHP","National Historical Park","ID","Pacific West","NEPE",NULL,NULL,NULL,"Free","2437608","304701","342924","Moderate (100K-1M/yr)","154993500","19374188","195864400","24483050","242","7823975","63.01","Aligned",0,1,NULL,NULL,"0"
"Petroglyph NM","National Monument","NM","Intermountain","PETR",NULL,NULL,NULL,"Free","2433532","304192","354534","Moderate (100K-1M/yr)","148948400","18618550","200250600","25031325","255","8081850","60.47","Aligned",0,1,NULL,NULL,"0"
"Lowell NHP","National Historical Park","MA","Northeast","LOWE",NULL,NULL,NULL,"Free","2385028","298129","264456","Moderate (100K-1M/yr)","146819100","18352388","213217700","26652213","233","10345838","63.01","Aligned",0,1,NULL,NULL,"0"
"Fort Caroline NMEM","National Memorial","FL","Southeast","FOCA",NULL,NULL,NULL,"Free","2276939","284617","260350","Moderate (100K-1M/yr)","144197100","18024638","206387500","25798438","257","8592188","63.01","Aligned",0,0,"Memorial: practice and political precedent (no NPS memorial currently charges)",NULL,"0"
"Governors Island NM","National Monument","NY","Northeast","GOIS",NULL,NULL,NULL,"Free","2246717","280840","63086","Moderate (100K-1M/yr)","134324700","16790588","187461200","23432650","193","9430463","63.01","Aligned",0,1,NULL,NULL,"0"
"Upper Delaware S&RR","National Wild & Scenic River","PA","Northeast","UPDE",NULL,NULL,NULL,"Free","2185093","273137","377061","Moderate (100K-1M/yr)","104829600","13103700","128928300","16116038","125","6505688","47.43","Aligned",0,1,NULL,NULL,"0"
"Wilson's Creek NB","National Battlefield","MO","Midwest","WICR",NULL,NULL,NULL,"Free","2175454","271932","357805","Moderate (100K-1M/yr)","138595600","17324450","182915900","22864488","251","7361800","63.01","Aligned",0,1,NULL,NULL,"0"
"Craters of the Moon NM & PRES","National Monument","ID","Pacific West","CRMO","10","per-person","10","Mid ($10-19)","2152148","269019","314118","Moderate (100K-1M/yr)","80640100","10080013","93508100","11688513","133","3664250","37.43","Aligned",0,1,NULL,NULL,"0"
"Fort Necessity NB","National Battlefield","PA","Northeast","FONE",NULL,NULL,NULL,"Free","2145287","268161","276173","Moderate (100K-1M/yr)","134946500","16868313","198546900","24818363","247","8846150","62.99","Aligned",0,1,NULL,NULL,"0"
"Paterson Great Falls NHP","National Historical Park","NJ","Northeast","PAGR",NULL,NULL,NULL,"Free","2119973","264997","210741","Moderate (100K-1M/yr)","133244900","16655613","181838100","22729763","194","9322388","63.01","Aligned",0,1,NULL,NULL,"0"
"Lewis & Clark NHP","National Historical Park","OR","Pacific West","LEWI","10","per-person","10","Mid ($10-19)","2117939","264742","267118","Moderate (100K-1M/yr)","133661200","16707650","191661800","23957725","219","8555513","63.01","Aligned",0,1,NULL,NULL,"0"
"Pinnacles NP","National Park","CA","Pacific West","PINN","15","per-person","15","Mid ($10-19)","2117626","264703","354076","Moderate (100K-1M/yr)","139633600","17454200","164941300","20617663","167","8731125","64.71","Aligned",0,1,NULL,NULL,"0"
"Morristown NHP","National Historical Park","NJ","Northeast","MORR",NULL,NULL,NULL,"Free","2106928","263366","208138","Moderate (100K-1M/yr)","100523400","12565425","140019000","17502375","142","7068738","45.82","Aligned",0,1,NULL,NULL,"0"
"Big Thicket NPRES","National Preserve","TX","Intermountain","BITH",NULL,NULL,NULL,"Free","2059381","257423","271823","Moderate (100K-1M/yr)","239692600","29961575","191208500","23901063","222","8587100","139.76","Aligned",0,1,NULL,NULL,"0"
"Fort Raleigh NHS","National Historic Site","NC","Southeast","FORA",NULL,NULL,NULL,"Free","2057288","257161","274783","Moderate (100K-1M/yr)","130187600","16273450","169131500","21141438","231","6734563","63.01","Aligned",0,1,NULL,NULL,"0"
"River Raisin NBP","National Battlefield Park","MI","Midwest","RIRA",NULL,NULL,NULL,"Free","2014514","251814","240556","Moderate (100K-1M/yr)","126880800","15860100","182396700","22799588","213","8003638","63.01","Aligned",0,1,NULL,NULL,"0"
"Virgin Islands NP","National Park","VI","Southeast","VIIS",NULL,NULL,NULL,"Free","2005098","250637","423029","Moderate (100K-1M/yr)","314012900","39251613","441592100","55199013","432","18939700","153.19","Aligned",0,1,NULL,NULL,"0"
"Abraham Lincoln Birthplace NHP","National Historical Park","KY","Southeast","ABLI",NULL,NULL,NULL,"Free","2002922","250365","249166","Moderate (100K-1M/yr)","126162800","15770350","176386000","22048250","230","7404263","63.01","Aligned",0,1,NULL,NULL,"0"
"Kings Mountain NMP","National Military Park","SC","Southeast","KIMO",NULL,NULL,NULL,"Free","1997036","249630","182463","Moderate (100K-1M/yr)","85442900","10680363","119466500","14933313","149","5240975","43.14","Aligned",0,1,NULL,NULL,"0"
"Obed W&SR","National Wild & Scenic River","TN","Southeast","OBRI",NULL,NULL,NULL,"Free","1986455","248307","261732","Moderate (100K-1M/yr)","39627800","4953475","39984400","4998050","53","1773388","19.80","Aligned",0,1,NULL,NULL,"0"
"Kaloko Honokohau NHP","National Historical Park","HI","Pacific West","KAHO",NULL,NULL,NULL,"Free","1979487","247436","351422","Moderate (100K-1M/yr)","126651900","15831488","163171100","20396388","164","7301113","63.01","Aligned",0,1,NULL,NULL,"0"
"LBJ Memorial Grove on the Potomac","National Memorial","DC","National Capital","LYBA",NULL,NULL,NULL,"Free","1971004","246376","241358","Moderate (100K-1M/yr)","124048100","15506013","176746800","22093350","190","8365800","63.01","Aligned",0,0,"Memorial: practice and political precedent (no NPS memorial currently charges)",NULL,"0"
"Apostle Islands NL","National Lakeshore","WI","Midwest","APIS",NULL,NULL,NULL,"Free","1962746","245343","253703","Moderate (100K-1M/yr)","336294400","42036800","410486200","51310775","562","15968363","170.69","Aligned",0,1,NULL,NULL,"0"
"Arlington House The R.E. Lee MEM","National Memorial","VA","National Capital","ARHO",NULL,NULL,NULL,"Free","1953892","244237","447641","Moderate (100K-1M/yr)","124571400","15571425","176851900","22106488","185","8280100","64.11","Aligned",0,0,"Memorial: practice and political precedent (no NPS memorial currently charges)",NULL,"0"
"Piscataway Park","Park (Other)","MD","National Capital","PISC",NULL,NULL,NULL,"Free","1936105","242013","334260","Moderate (100K-1M/yr)","123735400","15466925","175258600","21907325","183","8304625","63.01","Aligned",0,1,NULL,NULL,"0"
"Voyageurs NP","National Park","MN","Midwest","VOYA",NULL,NULL,NULL,"Free","1857302","232163","199030","Moderate (100K-1M/yr)","160871200","20108900","198808700","24851088","274","7798513","87.00","Aligned",0,1,NULL,NULL,"0"
"Bighorn Canyon NRA","National Recreation Area","MT","Intermountain","BICA",NULL,NULL,NULL,"Free","1804071","225509","219815","Moderate (100K-1M/yr)","84935100","10616888","103026300","12878288","143","4301700","47.18","Aligned",0,1,NULL,NULL,"0"
"Fort Donelson NB","National Battlefield","TN","Southeast","FODO",NULL,NULL,NULL,"Free","1722241","215280","166026","Moderate (100K-1M/yr)","103854200","12981775","132502100","16562763","158","6035750","58.73","Aligned",0,1,NULL,NULL,"0"
"Organ Pipe Cactus NM","National Monument","AZ","Intermountain","ORPI","15","per-person","15","Mid ($10-19)","1668985","208623","182612","Moderate (100K-1M/yr)","117979500","14747438","170972800","21371600","189","7412875","71.98","Aligned",0,1,NULL,NULL,"0"
"Guadalupe Mountains NP","National Park","TX","Intermountain","GUMO","10","per-person","10","Mid ($10-19)","1654445","206806","226134","Moderate (100K-1M/yr)","144666200","18083275","171827400","21478425","220","6896825","85.46","Aligned",0,1,NULL,NULL,"0"
"Fort Frederica NM","National Monument","GA","Southeast","FOFR",NULL,NULL,NULL,"Free","1654020","206753","243027","Moderate (100K-1M/yr)","106780700","13347588","144536600","18067075","183","6099025","64.01","Aligned",0,1,NULL,NULL,"0"
"Cowpens NB","National Battlefield","SC","Southeast","COWP",NULL,NULL,NULL,"Free","1652419","206552","156287","Moderate (100K-1M/yr)","114217400","14277175","161545700","20193213","196","6954925","69.37","Aligned",0,1,NULL,NULL,"0"
"Antietam NB","National Battlefield","MD","National Capital","ANTI","10","per-person","10","Mid ($10-19)","1642995","205374","197340","Moderate (100K-1M/yr)","101427500","12678438","143527300","17940913","159","6777450","62.99","Aligned",0,1,NULL,NULL,"0"
"Little Bighorn Battlefield NM","National Monument","MT","Intermountain","LIBI","15","per-person","15","Mid ($10-19)","1626333","203292","111825","Moderate (100K-1M/yr)","101186700","12648338","133389100","16673638","189","5671063","63.01","Aligned",0,1,NULL,NULL,"0"
"Wupatki NM","National Monument","AZ","Intermountain","WUPA","15","per-person","15","Mid ($10-19)","1612510","201564","220205","Moderate (100K-1M/yr)","112096100","14012013","128524500","16065563","170","5319613","69.38","Aligned",0,1,NULL,NULL,"0"
"De Soto NMEM","National Memorial","FL","Southeast","DESO",NULL,NULL,NULL,"Free","1610779","201347","155016","Moderate (100K-1M/yr)","101074700","12634338","148303300","18537913","180","6288213","63.01","Aligned",0,0,"Memorial: practice and political precedent (no NPS memorial currently charges)",NULL,"0"
"Bandelier NM","National Monument","NM","Intermountain","BAND","15","per-person","15","Mid ($10-19)","1598024","199753","213595","Moderate (100K-1M/yr)","108283300","13535413","139901600","17487700","180","5582150","67.41","Aligned",0,1,NULL,NULL,"0"
"Petersburg NB","National Battlefield","VA","Northeast","PETE",NULL,NULL,NULL,"Free","1558195","194774","191623","Moderate (100K-1M/yr)","97954100","12244263","138251900","17281488","177","5625913","63.01","Aligned",0,1,NULL,NULL,"0"
"Congaree NP","National Park","SC","Southeast","CONG",NULL,NULL,NULL,"Free","1496141","187018","242049","Moderate (100K-1M/yr)","83233500","10404188","99335200","12416900","120","3929213","54.73","Aligned",0,1,NULL,NULL,"0"
"Allegheny Portage Railroad NHS","National Historic Site","PA","Northeast","ALPO",NULL,NULL,NULL,"Free","1473680","184210","193903","Moderate (100K-1M/yr)","92983700","11622963","132245500","16530688","168","5932250","63.01","Aligned",0,1,NULL,NULL,"0"
"Sitka NHP","National Historical Park","AK","Alaska","SITK",NULL,NULL,NULL,"Free","1462953","182869","309327","Moderate (100K-1M/yr)","280007300","35000913","409381500","51172688","576","19725538","189.30","Aligned",0,1,NULL,NULL,"0"
"Richmond NBP","National Battlefield Park","VA","Northeast","RICH",NULL,NULL,NULL,"Free","1451313","181414","156538","Moderate (100K-1M/yr)","90762800","11345350","125894600","15736825","163","5121663","63.01","Aligned",0,1,NULL,NULL,"0"
"Scotts Bluff NM","National Monument","NE","Midwest","SCBL",NULL,NULL,NULL,"Free","1369355","171169","183915","Moderate (100K-1M/yr)","86658400","10832300","100854300","12606788","144","3982313","63.01","Aligned",0,1,NULL,NULL,"0"
"Walnut Canyon NM","National Monument","AZ","Intermountain","WACA","15","per-person","15","Mid ($10-19)","1324102","165513","187205","Moderate (100K-1M/yr)","83900400","10487550","96481400","12060175","132","4023000","63.01","Aligned",0,1,NULL,NULL,"0"
"John Day Fossil Beds NM","National Monument","OR","Pacific West","JODA",NULL,NULL,NULL,"Free","1309862","163733","122529","Moderate (100K-1M/yr)","69949800","8743725","84576500","10572063","110","3660713","54.46","Aligned",0,1,NULL,NULL,"0"
"Theodore Roosevelt Island","National Memorial","VA","National Capital","THIS",NULL,NULL,NULL,"Free","1293744","161718","174954","Moderate (100K-1M/yr)","81691400","10211425","116469600","14558700","125","5508275","63.01","Aligned",0,1,NULL,NULL,"0"
"El Malpais NM","National Monument","NM","Intermountain","ELMA",NULL,NULL,NULL,"Free","1289424","161178","163679","Moderate (100K-1M/yr)","81438100","10179763","107800400","13475050","146","4237700","63.01","Aligned",0,1,NULL,NULL,"0"
"Gauley River NRA","National Recreation Area","WV","Northeast","GARI",NULL,NULL,NULL,"Free","1236596","154575","272898","Moderate (100K-1M/yr)","59223300","7402913","67379600","8422450","93","2794250","46.96","Aligned",0,1,NULL,NULL,"0"
"Lincoln Home NHS","National Historic Site","IL","Midwest","LIHO",NULL,NULL,NULL,"Free","1204092","150512","154522","Moderate (100K-1M/yr)","78210300","9776288","99582700","12447838","134","3807200","65.41","Aligned",0,1,NULL,NULL,"0"
"Great Basin NP","National Park","NV","Pacific West","GRBA",NULL,NULL,NULL,"Free","1155495","144437","152068","Moderate (100K-1M/yr)","83806100","10475763","98188200","12273525","130","3863750","72.29","Aligned",0,1,NULL,NULL,"0"
"Johnstown Flood NMEM","National Memorial","PA","Northeast","JOFL",NULL,NULL,NULL,"Free","1140634","142579","95842","Moderate (100K-1M/yr)","75633400","9454175","112436700","14054588","145","4998925","66.70","Aligned",0,0,"Memorial: practice and political precedent (no NPS memorial currently charges)",NULL,"0"
"Ocmulgee Mounds NHP","National Historical Park","GA","Southeast","OCMU",NULL,NULL,NULL,"Free","1105038","138130","141905","Moderate (100K-1M/yr)","69976900","8747113","86624500","10828063","131","3206625","63.01","Aligned",0,1,NULL,NULL,"0"
"Coronado NMEM","National Memorial","AZ","Intermountain","CORO",NULL,NULL,NULL,"Free","1086991","135874","164426","Moderate (100K-1M/yr)","68802900","8600363","88557400","11069675","117","3625950","63.01","Aligned",0,0,"Memorial: practice and political precedent (no NPS memorial currently charges)",NULL,"0"
"Palo Alto Battlefield NHP","National Historical Park","TX","Intermountain","PAAL",NULL,NULL,NULL,"Free","1078942","134868","178946","Moderate (100K-1M/yr)","69148200","8643525","89157200","11144650","126","3523175","63.01","Aligned",0,1,NULL,NULL,"0"
"Missouri NRR","National Wild & Scenic River","SD","Midwest","MNRR",NULL,NULL,NULL,"Free","1033041","129130","153521","Moderate (100K-1M/yr)","49207400","6150925","58895600","7361950","80","2430475","47.43","Aligned",0,1,NULL,NULL,"0"
"Federal Hall NMEM","National Memorial","NY","Northeast","FEHA",NULL,NULL,NULL,"Free","1019678","127460","63314","Moderate (100K-1M/yr)","60565800","7570725","84292800","10536600","86","4293888","61.56","Aligned",0,0,"Memorial: practice and political precedent (no NPS memorial currently charges)",NULL,"0"
"Washington Monument","National Memorial","DC","National Capital","WAMO",NULL,NULL,NULL,"Free","1012110","126514","247208","Moderate (100K-1M/yr)","21634000","2704250","32254000","4031750","32","1500500","20.92","Aligned",0,1,NULL,NULL,"0"
"Monocacy NB","National Battlefield","MD","National Capital","MONO",NULL,NULL,NULL,"Free","1011835","126479","116520","Moderate (100K-1M/yr)","43045600","5380700","54303600","6787950","69","2344375","43.13","Aligned",0,1,NULL,NULL,"0"
"Lincoln Boyhood NMEM","National Memorial","IN","Midwest","LIBO",NULL,NULL,NULL,"Free","1005956","125745","129904","Moderate (100K-1M/yr)","51357700","6419713","71599300","8949913","96","3019050","51.19","Aligned",0,0,"Memorial: practice and political precedent (no NPS memorial currently charges)",NULL,"0"
"Minuteman Missile NHS","National Historic Site","SD","Midwest","MIMI",NULL,NULL,NULL,"Free","987605","123451","118108","Moderate (100K-1M/yr)","78960700","9870088","100800100","12600013","134","3989275","80.21","Aligned",0,1,NULL,NULL,"0"
"George Rogers Clark NHP","National Historical Park","IN","Midwest","GERO",NULL,NULL,NULL,"Free","986228","123279","166621","Moderate (100K-1M/yr)","62728600","7841075","78158700","9769838","108","3000663","63.01","Aligned",0,1,NULL,NULL,"0"
"Lava Beds NM","National Monument","CA","Pacific West","LABE","15","per-person","15","Mid ($10-19)","982587","122823","127563","Moderate (100K-1M/yr)","45419300","5677413","49193500","6149188","65","2153488","46.18","Aligned",0,1,NULL,NULL,"0"
"Devils Postpile NM","National Monument","CA","Pacific West","DEPO","15","per-person","15","Mid ($10-19)","975936","121992","94215","Moderate (100K-1M/yr)","67401400","8425175","81285200","10160650","102","3639225","69.38","Aligned",0,1,NULL,NULL,"0"
"Fort Smith NHS","National Historic Site","AR","Midwest","FOSM",NULL,NULL,NULL,"Free","954253","119282","124486","Moderate (100K-1M/yr)","60138800","7517350","76828600","9603575","110","2865075","63.01","Aligned",0,1,NULL,NULL,"0"
"Jewel Cave NM","National Monument","SD","Midwest","JECA",NULL,NULL,NULL,"Free","940680","117585","145332","Moderate (100K-1M/yr)","59455600","7431950","76663900","9582988","101","3000763","63.01","Aligned",0,1,NULL,NULL,"0"
"Timpanogos Cave NM","National Monument","UT","Intermountain","TICA",NULL,NULL,NULL,"Free","931280","116410","114034","Moderate (100K-1M/yr)","59005600","7375700","88188200","11023525","105","3653650","63.01","Aligned",0,1,NULL,NULL,"0"
"Home of Franklin D. Roosevelt NHS","National Historic Site","NY","Northeast","HOFR","15","per-person","15","Mid ($10-19)","915620","114453","123848","Moderate (100K-1M/yr)","57134700","7141838","77354100","9669263","83","3714275","63.01","Aligned",0,1,NULL,NULL,"0"
"Lyndon B. Johnson NHP","National Historical Park","TX","Intermountain","LYJO",NULL,NULL,NULL,"Free","914309","114289","119278","Moderate (100K-1M/yr)","62644200","7830525","93629000","11703625","108","4053987","68.36","Aligned",0,1,NULL,NULL,"0"
"Natchez NHP","National Historical Park","MS","Southeast","NATC",NULL,NULL,NULL,"Free","911548","113944","21520","Moderate (100K-1M/yr)","55036800","6879600","69840200","8730025","101","2777375","63.01","Aligned",0,1,NULL,NULL,"0"
"Herbert Hoover NHS","National Historic Site","IA","Midwest","HEHO",NULL,NULL,NULL,"Free","896070","112009","148031","Moderate (100K-1M/yr)","56437400","7054675","73337100","9167138","101","2923325","63.01","Aligned",0,1,NULL,NULL,"0"
"Little Rock Central High School NHS","National Historic Site","AR","Midwest","CHSC",NULL,NULL,NULL,"Free","856211","107026","63767","Moderate (100K-1M/yr)","52714100","6589263","71648100","8956013","101","2685875","63.01","Aligned",0,1,NULL,NULL,"0"
"City of Rocks NRES","National Reserve","ID","Pacific West","CIRO",NULL,NULL,NULL,"Free","845420","105678","89949","Moderate (100K-1M/yr)","52737400","6592175","61439200","7679900","89","2479650","63.01","Aligned",0,1,NULL,NULL,"0"
"Pea Ridge NMP","National Military Park","AR","Midwest","PERI",NULL,NULL,NULL,"Free","845369","105671","102621","Moderate (100K-1M/yr)","53401400","6675175","71620000","8952500","99","2846525","63.01","Aligned",0,1,NULL,NULL,"0"
"Tuzigoot NM","National Monument","AZ","Intermountain","TUZI","10","per-person","10","Mid ($10-19)","836638","104580","108283","Moderate (100K-1M/yr)","52918100","6614763","79041400","9880175","89","3487450","63.01","Aligned",0,1,NULL,NULL,"0"
"Ninety Six NHS","National Historic Site","SC","Southeast","NISI",NULL,NULL,NULL,"Free","821983","102748","101352","Moderate (100K-1M/yr)","51851500","6481438","68562600","8570325","91","2746075","63.01","Aligned",0,1,NULL,NULL,"0"
"Manzanar NHS","National Historic Site","CA","Pacific West","MANZ",NULL,NULL,NULL,"Free","814437","101805","93854","Moderate (100K-1M/yr)","92272400","11534050","110597600","13824700","138","4992838","113.10","Aligned",0,1,NULL,NULL,"0"
"Saratoga NHP","National Historical Park","NY","Northeast","SARA",NULL,NULL,NULL,"Free","812072","101509","116537","Moderate (100K-1M/yr)","50942500","6367813","64494400","8061800","80","2728838","63.01","Aligned",0,1,NULL,NULL,"0"
"Sagamore Hill NHS","National Historic Site","NY","Northeast","SAHI",NULL,NULL,NULL,"Free","797542","99693","130259","Low (<100K/yr)","51504200","6438025","73058300","9132288","67","3692463","63.01","Aligned",0,1,NULL,NULL,"0"
"George Washington Birthplace NM","National Monument","VA","Northeast","GEWA",NULL,NULL,NULL,"Free","771993","96499","58983","Low (<100K/yr)","37699300","4712413","50586400","6323300","56","2428788","49.30","Aligned",0,1,NULL,NULL,"0"
"Sunset Crater Volcano NM","National Monument","AZ","Intermountain","SUCR","15","per-person","15","Mid ($10-19)","751304","93913","73260","Low (<100K/yr)","46876700","5859588","53645300","6705663","76","2222088","63.01","Aligned",0,1,NULL,NULL,"0"
"Christiansted NHS","National Historic Site","VI","Southeast","CHRI","10","per-person","10","Mid ($10-19)","751180","93898","124539","Low (<100K/yr)","47726300","5965788","61486100","7685763","62","2754163","63.01","Aligned",0,1,NULL,NULL,"0"
"Perry's Victory & Intl. Peace MEM","National Memorial","OH","Midwest","PEVI","10","per-person","10","Mid ($10-19)","749257","93657","91302","Low (<100K/yr)","71766300","8970788","116549500","14568688","142","5214275","96.05","Aligned",0,0,"Memorial: practice and political precedent (no NPS memorial currently charges)",NULL,"0"
"Waco Mammoth NM","National Monument","TX","Intermountain","WACO",NULL,NULL,NULL,"Free","746174","93272","111961","Low (<100K/yr)","47111900","5888988","59962600","7495325","81","2475463","63.01","Aligned",0,1,NULL,NULL,"0"
"Appomattox Court House NHP","National Historical Park","VA","Northeast","APCO",NULL,NULL,NULL,"Free","728779","91097","83769","Low (<100K/yr)","45733500","5716688","58371400","7296425","82","2343525","63.01","Aligned",0,1,NULL,NULL,"0"
"Pennsylvania Avenue NHS","National Historic Site","DC","National Capital","PAAV",NULL,NULL,NULL,"Free","706141","88268","141840","Low (<100K/yr)","14462900","1807863","21151500","2643938","22","983488","20.31","Aligned",0,1,NULL,NULL,"0"
"Grand Portage NM","National Monument","MN","Midwest","GRPO",NULL,NULL,NULL,"Free","705637","88205","88931","Low (<100K/yr)","48930700","6116338","49590400","6198800","75","1837088","69.36","Aligned",0,1,NULL,NULL,"0"
"Andersonville NHS","National Historic Site","GA","Southeast","ANDE",NULL,NULL,NULL,"Free","693605","86701","72925","Low (<100K/yr)","42943400","5367925","54022400","6752800","84","1992575","63.01","Aligned",0,1,NULL,NULL,"0"
"General Grant NMEM","National Memorial","NY","Northeast","GEGR",NULL,NULL,NULL,"Free","693452","86682","110602","Low (<100K/yr)","36149100","4518638","51007700","6375963","50","2600850","53.98","Aligned",0,0,"Memorial: practice and political precedent (no NPS memorial currently charges)",NULL,"0"
"Adams NHP","National Historical Park","MA","Northeast","ADAM","15","per-person","15","Mid ($10-19)","675318","84415","45656","Low (<100K/yr)","40418500","5052313","57993400","7249175","66","2810238","63.03","Aligned",0,1,NULL,NULL,"0"
"Natural Bridges NM","National Monument","UT","Intermountain","NABR","10","per-person","10","Mid ($10-19)","655366","81921","75680","Low (<100K/yr)","43882800","5485350","49595200","6199400","65","2025213","67.35","Aligned",0,1,NULL,NULL,"0"
"Carl Sandburg Home NHS","National Historic Site","NC","Southeast","CARL",NULL,NULL,NULL,"Free","655014","81877","113362","Low (<100K/yr)","41919900","5239987","54102200","6762775","71","2219525","63.01","Aligned",0,1,NULL,NULL,"0"
"Dayton Aviation Heritage NHP","National Historical Park","OH","Midwest","DAAV",NULL,NULL,NULL,"Free","651847","81481","87032","Low (<100K/yr)","41340200","5167525","65872400","8234050","80","2856675","63.45","Aligned",0,1,NULL,NULL,"0"
"Capulin Volcano NM","National Monument","NM","Intermountain","CAVO","10","per-person","10","Mid ($10-19)","651734","81467","96078","Low (<100K/yr)","21411700","2676463","21979300","2747413","34","861863","32.50","Aligned",0,1,NULL,NULL,"0"
"Greenbelt Park","Park (Other)","MD","National Capital","GREE",NULL,NULL,NULL,"Free","638257","79782","77642","Low (<100K/yr)","31878100","3984763","43416800","5427100","49","2070063","52.20","Aligned",0,1,NULL,NULL,"0"
"Niobrara NSR","National Wild & Scenic River","NE","Midwest","NIOB",NULL,NULL,NULL,"Free","626370","78296","74387","Low (<100K/yr)","59998600","7499825","68289400","8536175","110","2414813","95.87","Aligned",0,1,NULL,NULL,"0"
"Fort Stanwix NM","National Monument","NY","Northeast","FOST",NULL,NULL,NULL,"Free","599494","74937","79704","Low (<100K/yr)","35486600","4435825","44000000","5500000","53","1787925","59.49","Aligned",0,1,NULL,NULL,"0"
"Casa Grande Ruins NM","National Monument","AZ","Intermountain","CAGR",NULL,NULL,NULL,"Free","594865","74358","104429","Low (<100K/yr)","37963400","4745425","57454700","7181838","64","2502500","63.01","Aligned",0,1,NULL,NULL,"0"
"Pipestone NM","National Monument","MN","Midwest","PIPE",NULL,NULL,NULL,"Free","592092","74012","83033","Low (<100K/yr)","37529000","4691125","49463500","6182938","65","2053013","63.01","Aligned",0,1,NULL,NULL,"0"
"Steamtown NHS","National Historic Site","PA","Northeast","STEA",NULL,NULL,NULL,"Free","578942","72368","60243","Low (<100K/yr)","33365900","4170738","46297000","5787125","59","2110063","58.34","Aligned",0,1,NULL,NULL,"0"
"New Bedford Whaling NHP","National Historical Park","MA","Northeast","NEBE",NULL,NULL,NULL,"Free","574922","71865","18330","Low (<100K/yr)","31364000","3920500","46860400","5857550","54","2291125","57.55","Aligned",0,1,NULL,NULL,"0"
"Dry Tortugas NP","National Park","FL","Southeast","DRTO","15","per-person","15","Mid ($10-19)","570297","71287","84873","Low (<100K/yr)","37667300","4708413","42229400","5278675","50","1871113","65.23","Aligned",0,1,NULL,NULL,"0"
"Florissant Fossil Beds NM","National Monument","CO","Intermountain","FLFO","10","per-person","10","Mid ($10-19)","567292","70912","71499","Low (<100K/yr)","35688000","4461000","52474000","6559250","58","2344975","63.01","Aligned",0,1,NULL,NULL,"0"
"Pu'ukohola Heiau NHS","National Historic Site","HI","Pacific West","PUHE",NULL,NULL,NULL,"Free","557019","69627","27507","Low (<100K/yr)","33558400","4194800","43316600","5414575","47","1958088","63.02","Aligned",0,1,NULL,NULL,"0"
"Klondike Gold Rush NHP Seattle","National Historical Park","WA","Pacific West","KLSE",NULL,NULL,NULL,"Free","540249","67531","81652","Low (<100K/yr)","5746000","5746000","7559000","7559000","44","2580000","70.37","Aligned",0,1,NULL,NULL,"0"
"Moores Creek NB","National Battlefield","NC","Southeast","MOCR",NULL,NULL,NULL,"Free","520040","65005","69079","Low (<100K/yr)","35864200","4483025","43443400","5430425","59","1663338","69.34","Aligned",0,1,NULL,NULL,"0"
"Wrangell-St. Elias NP & PRES","National Park","AK","Alaska","WRST",NULL,NULL,NULL,"Free","514315","64289","81670","Low (<100K/yr)","844504200","105563025","1230284500","153785563","1318","52905400","1627.66","Aligned",0,1,NULL,NULL,"0"
"Golden Spike NHP","National Historical Park","UT","Intermountain","GOSP","10","per-person","10","Mid ($10-19)","499453","62432","55285","Low (<100K/yr)","30443300","3805413","42978900","5372363","54","1771550","61.55","Aligned",0,1,NULL,NULL,"0"
"Homestead NHP","National Historical Park","NE","Midwest","HOME",NULL,NULL,NULL,"Free","497929","62241","52330","Low (<100K/yr)","17500300","2187538","19874000","2484250","30","778413","35.74","Aligned",0,1,NULL,NULL,"0"
"Chiricahua NM","National Monument","AZ","Intermountain","CHIR",NULL,NULL,NULL,"Free","477920","59740","71390","Low (<100K/yr)","30578600","3822325","32799600","4099950","48","1253975","63.75","Aligned",0,1,NULL,NULL,"0"
"Cumberland Island NS","National Seashore","GA","Southeast","CUIS","15","per-person","15","Mid ($10-19)","473931","59241","64706","Low (<100K/yr)","21762400","2720300","27896500","3487063","35","1190138","45.43","Aligned",0,1,NULL,NULL,"0"
"El Morro NM","National Monument","NM","Intermountain","ELMO",NULL,NULL,NULL,"Free","469559","58695","57827","Low (<100K/yr)","31955400","3994425","33952800","4244100","53","1169238","68.04","Aligned",0,1,NULL,NULL,"0"
"Oregon Caves NM & PRES","National Monument","OR","Pacific West","ORCA",NULL,NULL,NULL,"Free","460606","57576","94016","Low (<100K/yr)","37793400","4724175","48461300","6057663","62","2082388","80.99","Aligned",0,1,NULL,NULL,"0"
"Horseshoe Bend NMP","National Military Park","AL","Southeast","HOBE",NULL,NULL,NULL,"Free","459564","57446","64063","Low (<100K/yr)","29171400","3646425","39583000","4947875","54","1586675","63.02","Aligned",0,1,NULL,NULL,"0"
"Effigy Mounds NM","National Monument","IA","Midwest","EFMO",NULL,NULL,NULL,"Free","453314","56664","61975","Low (<100K/yr)","31239500","3904938","39365000","4920625","58","1551463","68.66","Aligned",0,1,NULL,NULL,"0"
"Marsh-Billings-Rockefeller NHP","National Historical Park","VT","Northeast","MABI",NULL,NULL,NULL,"Free","445391","55674","81713","Low (<100K/yr)","28482900","3560363","37136800","4642100","44","1607788","63.01","Aligned",0,1,NULL,NULL,"0"
"Hopewell Culture NHP","National Historical Park","OH","Midwest","HOCU",NULL,NULL,NULL,"Free","442956","55370","65350","Low (<100K/yr)","27981400","3497675","41047500","5130938","50","1781163","63.02","Aligned",0,1,NULL,NULL,"0"
"Manhattan Project NHP","National Historical Park","NM","Intermountain","MAPR",NULL,NULL,NULL,"Free","438525","54816","74693","Low (<100K/yr)","17271500","2158938","20519200","2564900","25","888975","38.02","Aligned",0,1,NULL,NULL,"0"
"Andrew Johnson NHS","National Historic Site","TN","Southeast","ANJO",NULL,NULL,NULL,"Free","434899","54362","55270","Low (<100K/yr)","27505400","3438175","36773500","4596688","48","1555750","63.01","Aligned",0,1,NULL,NULL,"0"
"Hamilton Grange NMEM","National Memorial","NY","Northeast","HAGR",NULL,NULL,NULL,"Free","432696","54087","63647","Low (<100K/yr)","27038200","3379775","38147200","4768400","37","1915713","63.01","Aligned",0,0,"Memorial: practice and political precedent (no NPS memorial currently charges)",NULL,"0"
"Gila Cliff Dwellings NM","National Monument","NM","Intermountain","GICL",NULL,NULL,NULL,"Free","426626","53328","47378","Low (<100K/yr)","26484400","3310550","27539200","3442400","46","989888","63.01","Aligned",0,1,NULL,NULL,"0"
"Longfellow House Washington's HQ NHS","National Historic Site","MA","Northeast","LONG",NULL,NULL,NULL,"Free","412484","51561","51496","Low (<100K/yr)","26065500","3258188","38401500","4800188","41","1876200","63.01","Aligned",0,1,NULL,NULL,"0"
"Eisenhower NHS","National Historic Site","PA","Northeast","EISE",NULL,NULL,NULL,"Free","409304","51163","123466","Low (<100K/yr)","26540800","3317600","37313600","4664200","39","1760888","63.01","Aligned",0,1,NULL,NULL,"0"
"Aztec Ruins NM","National Monument","NM","Intermountain","AZRU",NULL,NULL,NULL,"Free","396085","49511","40019","Low (<100K/yr)","24572200","3071525","29581700","3697713","42","1117163","62.15","Aligned",0,1,NULL,NULL,"0"
"Hopewell Furnace NHS","National Historic Site","PA","Northeast","HOFU",NULL,NULL,NULL,"Free","389417","48677","48776","Low (<100K/yr)","24634000","3079250","37634900","4704362","43","1771425","63.01","Aligned",0,1,NULL,NULL,"0"
"Whitman Mission NHS","National Historic Site","WA","Pacific West","WHMI",NULL,NULL,NULL,"Free","384929","48116","61331","Low (<100K/yr)","24391400","3048925","28370500","3546313","36","1135875","63.02","Aligned",0,1,NULL,NULL,"0"
"Kalaupapa NHP","National Historical Park","HI","Pacific West","KALA",NULL,NULL,NULL,"Free","375684","46961","30774","Low (<100K/yr)","23228500","2903563","29965900","3745738","32","1350288","63.01","Aligned",0,1,NULL,NULL,"0"
"Fort Davis NHS","National Historic Site","TX","Intermountain","FODA","10","per-person","10","Mid ($10-19)","374663","46833","42553","Low (<100K/yr)","23471500","2933938","25149900","3143738","38","1010588","63.01","Aligned",0,1,NULL,NULL,"0"
"Pecos NHP","National Historical Park","NM","Intermountain","PECO",NULL,NULL,NULL,"Free","366370","45796","46726","Low (<100K/yr)","23242200","2905275","30701500","3837688","40","1253113","63.01","Aligned",0,1,NULL,NULL,"0"
"Big Hole NB","National Battlefield","MT","Pacific West","BIHO",NULL,NULL,NULL,"Free","362687","45336","45211","Low (<100K/yr)","27353300","3419163","29380000","3672500","43","1243313","75.08","Aligned",0,1,NULL,NULL,"0"
"Rainbow Bridge NM","National Monument","UT","Intermountain","RABR",NULL,NULL,NULL,"Free","359027","44878","17488","Low (<100K/yr)","21268700","2658588","23912200","2989025","36","957613","61.67","Aligned",0,1,NULL,NULL,"0"
"Fort Laramie NHS","National Historic Site","WY","Intermountain","FOLA",NULL,NULL,NULL,"Free","356646","44581","44045","Low (<100K/yr)","17610900","2201363","20331500","2541438","31","768050","49.31","Aligned",0,1,NULL,NULL,"0"
"First State NHP","National Historical Park","DE","Northeast","FRST",NULL,NULL,NULL,"Free","351915","43989","208870","Low (<100K/yr)","24278000","12139000","36205000","18102500","138","6938500","68.67","Aligned",0,1,NULL,NULL,"0"
"Roger Williams NMEM","National Memorial","RI","Northeast","ROWI",NULL,NULL,NULL,"Free","350575","43822","43242","Low (<100K/yr)","21738400","2717300","31132400","3891550","34","1512200","63.02","Aligned",0,0,"Memorial: practice and political precedent (no NPS memorial currently charges)",NULL,"0"
"Navajo NM","National Monument","AZ","Intermountain","NAVA",NULL,NULL,NULL,"Free","342522","42815","58442","Low (<100K/yr)","23005500","2875688","25810900","3226363","34","1050313","67.36","Aligned",0,1,NULL,NULL,"0"
"John Muir NHS","National Historic Site","CA","Pacific West","JOMU",NULL,NULL,NULL,"Free","340568","42571","45753","Low (<100K/yr)","21483100","2685388","29731800","3716475","29","1539250","63.01","Aligned",0,1,NULL,NULL,"0"
"Katmai NP & PRES","National Park","AK","Alaska","KATM",NULL,NULL,NULL,"Free","339979","42497","36230","Low (<100K/yr)","546776200","68347025","791990600","98998825","853","33671838","1627.66","Aligned",0,1,NULL,NULL,"0"
"Valles Caldera NPRES","National Preserve","NM","Intermountain","VALL","15","per-person","15","Mid ($10-19)","328951","41119","82111","Low (<100K/yr)","24032000","4806400","31189000","6237800","60","2016800","72.10","Aligned",0,1,NULL,NULL,"0"
"Chaco Culture NHP","National Historical Park","NM","Intermountain","CHCU","15","per-person","15","Mid ($10-19)","320242","40030","37840","Low (<100K/yr)","19135700","2391963","23970300","2996288","32","946038","60.76","Aligned",0,1,NULL,NULL,"0"
"Hubbell Trading Post NHS","National Historic Site","AZ","Intermountain","HUTR",NULL,NULL,NULL,"Free","318732","39842","46419","Low (<100K/yr)","20197500","2524688","23655000","2956875","35","861200","63.01","Aligned",0,1,NULL,NULL,"0"
"Jimmy Carter NHP","National Historical Park","GA","Southeast","JICA",NULL,NULL,NULL,"Free","314406","39301","33031","Low (<100K/yr)","19597500","2449688","24590800","3073850","38","909963","63.01","Aligned",0,1,NULL,NULL,"0"
"Rosie The Riveter WWII Home Front NHP","National Historical Park","CA","Pacific West","RORI",NULL,NULL,NULL,"Free","309904","38738","34913","Low (<100K/yr)","19302500","2412813","26672700","3334088","27","1378763","63.01","Aligned",0,1,NULL,NULL,"0"
"George Washington Carver NM","National Monument","MO","Midwest","GWCA",NULL,NULL,NULL,"Free","298925","37366","39081","Low (<100K/yr)","5916200","739525","6892700","861588","10","279475","19.95","Aligned",0,1,NULL,NULL,"0"
"Buck Island Reef NM","National Monument","VI","Southeast","BUIS",NULL,NULL,NULL,"Free","297135","37142","42289","Low (<100K/yr)","20164000","2520500","25236900","3154613","25","1116250","66.75","Aligned",0,1,NULL,NULL,"0"
"Ulysses S. Grant NHS","National Historic Site","MO","Midwest","ULSG",NULL,NULL,NULL,"Free","296022","37003","44732","Low (<100K/yr)","18560700","2320088","28086400","3510800","35","1201350","63.01","Aligned",0,1,NULL,NULL,"0"
"Tumacacori NHP","National Historical Park","AZ","Intermountain","TUMA","10","per-person","10","Mid ($10-19)","295819","36977","35256","Low (<100K/yr)","18571700","2321463","23872400","2984050","32","978313","62.95","Aligned",0,1,NULL,NULL,"0"
"Lake Chelan NRA","National Recreation Area","WA","Pacific West","LACH",NULL,NULL,NULL,"Free","295638","36955","30815","Low (<100K/yr)","21884300","2735538","28665600","3583200","27","1304125","74.05","Aligned",0,1,NULL,NULL,"0"
"New Orleans Jazz NHP","National Historical Park","LA","Southeast","JAZZ",NULL,NULL,NULL,"Free","294446","36806","44943","Low (<100K/yr)","18582600","2322825","25489900","3186238","32","1064200","63.02","Aligned",0,1,NULL,NULL,"0"
"Salinas Pueblo Missions NM","National Monument","NM","Intermountain","SAPU",NULL,NULL,NULL,"Free","281363","35170","38106","Low (<100K/yr)","17820500","2227563","23316500","2914563","31","944600","63.01","Aligned",0,1,NULL,NULL,"0"
"James A. Garfield NHS","National Historic Site","OH","Midwest","JAGA",NULL,NULL,NULL,"Free","279852","34982","39671","Low (<100K/yr)","10763500","1345438","16059800","2007475","20","692313","38.66","Aligned",0,1,NULL,NULL,"0"
"Women's Rights NHP","National Historical Park","NY","Northeast","WORI",NULL,NULL,NULL,"Free","278657","34832","33691","Low (<100K/yr)","21528200","2691025","28251700","3531463","32","1176413","77.91","Aligned",0,1,NULL,NULL,"0"
"Weir Farm NHP","National Historical Park","CT","Northeast","WEFA",NULL,NULL,NULL,"Free","277656","34707","34246","Low (<100K/yr)","17495100","2186888","24507600","3063450","23","1233513","63.02","Aligned",0,1,NULL,NULL,"0"
"Thomas Edison NHP","National Historical Park","NJ","Northeast","EDIS","15","per-person","15","Mid ($10-19)","271865","33983","34031","Low (<100K/yr)","12518700","1564838","17123000","2140375","18","872050","46.55","Aligned",0,1,NULL,NULL,"0"
"Chamizal NMEM","National Memorial","TX","Intermountain","CHAM",NULL,NULL,NULL,"Free","262511","32814","6627","Low (<100K/yr)","15753800","1969225","19775700","2471963","29","772863","62.99","Aligned",0,0,"Memorial: practice and political precedent (no NPS memorial currently charges)",NULL,"0"
"Frederick Douglass NHS","National Historic Site","DC","National Capital","FRDO",NULL,NULL,NULL,"Free","260228","32529","25836","Low (<100K/yr)","5075700","634463","7289600","911200","8","340750","20.10","Aligned",0,1,NULL,NULL,"0"
"Tonto NM","National Monument","AZ","Intermountain","TONT","10","per-person","10","Mid ($10-19)","260223","32528","30840","Low (<100K/yr)","16334400","2041800","24563600","3070450","28","1075688","63.01","Aligned",0,1,NULL,NULL,"0"
"African Burial Ground NM","National Monument","NY","Northeast","AFBG",NULL,NULL,NULL,"Free","259286","32411","36007","Low (<100K/yr)","16252000","2031500","23047600","2880950","23","1154913","63.02","Aligned",0,1,NULL,NULL,"0"
"Hovenweep NM","National Monument","CO","Intermountain","HOVE",NULL,NULL,NULL,"Free","257657","32207","31471","Low (<100K/yr)","17421300","2177663","20962500","2620313","28","798150","67.90","Aligned",0,1,NULL,NULL,"0"
"Eleanor Roosevelt NHS","National Historic Site","NY","Northeast","ELRO",NULL,NULL,NULL,"Free","251854","31482","23699","Low (<100K/yr)","15387100","1923388","20532300","2566538","23","985363","63.02","Aligned",0,1,NULL,NULL,"0"
"Charles Pinckney NHS","National Historic Site","SC","Southeast","CHPI",NULL,NULL,NULL,"Free","247767","30971","30903","Low (<100K/yr)","15408800","1926100","19645100","2455638","25","825125","63.01","Aligned",0,1,NULL,NULL,"0"
"Tallgrass Prairie NPRES","National Preserve","KS","Midwest","TAPR",NULL,NULL,NULL,"Free","239774","29972","29955","Low (<100K/yr)","15093300","1886663","19540700","2442588","27","783950","63.02","Aligned",0,1,NULL,NULL,"0"
"North Cascades NP","National Park","WA","Pacific West","NOCA",NULL,NULL,NULL,"Free","234349","29294","16485","Low (<100K/yr)","12215500","1526938","14477900","1809738","15","690425","52.17","Aligned",0,1,NULL,NULL,"0"
"Saint-Gaudens NHP","National Historical Park","NH","Northeast","SAGA","10","per-person","10","Mid ($10-19)","226612","28327","26685","Low (<100K/yr)","12044000","1505500","18068900","2258613","20","849063","53.39","Aligned",0,1,NULL,NULL,"0"
"Arkansas Post NMEM","National Memorial","AR","Midwest","ARPO",NULL,NULL,NULL,"Free","224446","28056","26203","Low (<100K/yr)","14035500","1754438","17615200","2201900","24","705938","63.01","Aligned",0,0,"Memorial: practice and political precedent (no NPS memorial currently charges)",NULL,"0"
"William Howard Taft NHS","National Historic Site","DC","Midwest","WIHO",NULL,NULL,NULL,"Free","217780","27223","31118","Low (<100K/yr)","13705700","1713213","19974200","2496775","25","866538","63.01","Aligned",0,1,NULL,NULL,"0"
"Fort Larned NHS","National Historic Site","KS","Midwest","FOLS",NULL,NULL,NULL,"Free","215207","26901","26219","Low (<100K/yr)","14070900","1758863","15885300","1985663","24","568588","65.43","Aligned",0,1,NULL,NULL,"0"
"National Park of American Samoa","National Park","AS","Pacific West","NPSA",NULL,NULL,NULL,"Free","208003","26000","22567","Low (<100K/yr)","12598700","1574838","16271200","2033900","18","733800","63.05","Aligned",0,1,NULL,NULL,"0"
"Friendship Hill NHS","National Historic Site","PA","Northeast","FRHI",NULL,NULL,NULL,"Free","206346","25793","19465","Low (<100K/yr)","12729300","1591163","18469500","2308688","24","821425","63.01","Aligned",0,1,NULL,NULL,"0"
"Harry S Truman NHS","National Historic Site","MO","Midwest","HSTR",NULL,NULL,NULL,"Free","202553","25319","24102","Low (<100K/yr)","12601700","1575213","19420300","2427538","24","820263","63.01","Aligned",0,1,NULL,NULL,"0"
"Hagerman Fossil Beds NM","National Monument","ID","Pacific West","HAFO",NULL,NULL,NULL,"Free","201386","25173","39104","Low (<100K/yr)","12789400","1598675","17468800","2183600","22","732263","63.02","Aligned",0,1,NULL,NULL,"0"
"Katahdin Woods and Waters NM","National Monument","ME","Northeast","KAWW",NULL,NULL,NULL,"Free","197776","24722","35173","Low (<100K/yr)","14152000","2830400","17885000","3577000","36","1119600","71.74","Aligned",0,1,NULL,NULL,"0"
"Isle Royale NP","National Park","MI","Midwest","ISRO","7","per-person","7","Low ($1-9)","195966","24496","28806","Low (<100K/yr)","59393900","7424238","70770600","8846325","93","2372650","288.64","Aligned",0,1,NULL,NULL,"0"
"Bluestone NSR","National Wild & Scenic River","WV","Northeast","BLUE",NULL,NULL,NULL,"Free","195956","24495","7327","Low (<100K/yr)","9074700","1134338","10607200","1325900","15","435588","47.42","Aligned",0,1,NULL,NULL,"0"
"Grant-Kohrs Ranch NHS","National Historic Site","MT","Intermountain","GRKO",NULL,NULL,NULL,"Free","194644","24331","27479","Low (<100K/yr)","9980300","1247538","13416000","1677000","19","584750","52.33","Aligned",0,1,NULL,NULL,"0"
"Fort Scott NHS","National Historic Site","KS","Midwest","FOSC",NULL,NULL,NULL,"Free","194045","24256","24654","Low (<100K/yr)","3745900","468238","3820200","477525","6","144413","19.29","Aligned",0,1,NULL,NULL,"0"
"Saugus Iron Works NHS","National Historic Site","MA","Northeast","SAIR",NULL,NULL,NULL,"Free","189194","23649","51921","Low (<100K/yr)","12397700","1549713","18453100","2306638","18","907263","63.01","Aligned",0,1,NULL,NULL,"0"
"Pipe Spring NM","National Monument","AZ","Intermountain","PISP","10","per-person","10","Mid ($10-19)","187922","23490","24530","Low (<100K/yr)","11837700","1479713","14388900","1798613","20","571588","63.02","Aligned",0,1,NULL,NULL,"0"
"Booker T. Washington NM","National Monument","VA","Northeast","BOWA",NULL,NULL,NULL,"Free","187614","23452","24209","Low (<100K/yr)","11817800","1477225","15716400","1964550","22","626538","63.00","Aligned",0,1,NULL,NULL,"0"
"Tule Springs Fossil Beds NM","National Monument","NV","Pacific West","TUSK",NULL,NULL,NULL,"Free","180192","22524","60431","Low (<100K/yr)","12205000","3051250","16679000","4169750","32","1494500","67.11","Aligned",0,1,NULL,NULL,"0"
"Boston Harbor Islands NRA","National Recreation Area","MA","Northeast","BOHA",NULL,NULL,NULL,"Free","178152","22269","28157","Low (<100K/yr)","8627000","1725400","11840000","2368000","19","928200","49.53","Aligned",0,0,"Urban NRA/NHP: uncontrolled multi-point access",NULL,"0"
"Tuskegee Airmen NHS","National Historic Site","AL","Southeast","TUAI",NULL,NULL,NULL,"Free","177841","22230","28474","Low (<100K/yr)","10123200","1265400","12565300","1570663","19","478688","58.19","Aligned",0,1,NULL,NULL,"0"
"Theodore Roosevelt Inaugural NHS","National Historic Site","NY","Northeast","THRI",NULL,NULL,NULL,"Free","174536","21817","30141","Low (<100K/yr)","11011300","1376413","14583900","1822988","17","608550","63.00","Aligned",0,1,NULL,NULL,"0"
"Bent's Old Fort NHS","National Historic Site","CO","Intermountain","BEOL",NULL,NULL,NULL,"Free","167533","20942","16102","Low (<100K/yr)","10512200","1314025","13167800","1645975","17","533375","63.00","Aligned",0,1,NULL,NULL,"0"
"Cane River Creole NHP","National Historical Park","LA","Southeast","CARI",NULL,NULL,NULL,"Free","158436","19805","12592","Low (<100K/yr)","9755900","1219488","12083600","1510450","17","467650","63.01","Aligned",0,1,NULL,NULL,"0"
"Fossil Butte NM","National Monument","WY","Intermountain","FOBU",NULL,NULL,NULL,"Free","156957","19620","21491","Low (<100K/yr)","8434800","1054350","9147200","1143400","12","383175","53.71","Aligned",0,1,NULL,NULL,"0"
"Keweenaw NHP","National Historical Park","MI","Midwest","KEWE",NULL,NULL,NULL,"Free","147684","18461","31191","Low (<100K/yr)","9466200","1183275","10330000","1291250","16","349963","63.03","Aligned",0,1,NULL,NULL,"0"
"Hampton NHS","National Historic Site","MD","Northeast","HAMP",NULL,NULL,NULL,"Free","147224","18403","12260","Low (<100K/yr)","9048300","1131038","12951600","1618950","14","613825","63.01","Aligned",0,1,NULL,NULL,"0"
"Medgar and Myrlie Evers Home NM","National Monument","MS","Southeast","MEMY",NULL,NULL,NULL,"Free","143361","17920","71554","Low (<100K/yr)","9831000","2457750","13683000","3420750","32","1048250","67.27","Aligned",0,1,NULL,NULL,"0"
"Agate Fossil Beds NM","National Monument","NE","Midwest","AGFO",NULL,NULL,NULL,"Free","143233","17904","19395","Low (<100K/yr)","11326000","1415750","11978400","1497300","19","432513","79.53","Aligned",0,1,NULL,NULL,"0"
"Brown v. Board of Education NHP","National Historical Park","KS","Midwest","BRVB",NULL,NULL,NULL,"Free","140186","17523","21919","Low (<100K/yr)","8805000","1100625","13476100","1684513","17","566738","63.03","Aligned",0,1,NULL,NULL,"0"
"Theodore Roosevelt Birthplace NHS","National Historic Site","NY","Northeast","THRB",NULL,NULL,NULL,"Free","133647","16706","25086","Low (<100K/yr)","8368700","1046088","11832300","1479038","11","591513","63.09","Aligned",0,1,NULL,NULL,"0"
"Tuskegee Institute NHS","National Historic Site","AL","Southeast","TUIN",NULL,NULL,NULL,"Free","132689","16586","10037","Low (<100K/yr)","8099700","1012463","10027700","1253463","15","380425","63.04","Aligned",0,1,NULL,NULL,"0"
"Noatak NPRES","National Preserve","AK","Alaska","NOAT",NULL,NULL,NULL,"Free","131839","16480","18311","Low (<100K/yr)","215577600","26947200","314125000","39265625","339","13512475","1627.72","Aligned",0,1,NULL,NULL,"0"
"Lake Clark NP & PRES","National Park","AK","Alaska","LACL",NULL,NULL,NULL,"Free","131037","16380","18505","Low (<100K/yr)","214584200","26823025","313339300","39167413","339","13491038","1627.75","Aligned",0,1,NULL,NULL,"0"
"Russell Cave NM","National Monument","AL","Southeast","RUCA",NULL,NULL,NULL,"Free","128421","16053","9261","Low (<100K/yr)","7980700","997588","10077600","1259700","14","408988","63.02","Aligned",0,1,NULL,NULL,"0"
"Springfield Armory NHS","National Historic Site","MA","Northeast","SPAR",NULL,NULL,NULL,"Free","126903","15863","15925","Low (<100K/yr)","7945600","993200","11028300","1378538","12","529675","63.04","Aligned",0,1,NULL,NULL,"0"
"Martin Van Buren NHS","National Historic Site","NY","Northeast","MAVA",NULL,NULL,NULL,"Free","124443","15555","17712","Low (<100K/yr)","6934100","866763","9017400","1127175","11","412375","55.64","Aligned",0,1,NULL,NULL,"0"
"Cape Krusenstern NM","National Monument","AK","Alaska","CAKR",NULL,NULL,NULL,"Free","122803","15350","17736","Low (<100K/yr)","201129600","25141200","293082300","36635288","316","12616788","1627.72","Aligned",0,1,NULL,NULL,"0"
"Kobuk Valley NP","National Park","AK","Alaska","KOVA",NULL,NULL,NULL,"Free","120702","15088","17233","Low (<100K/yr)","197555900","24694488","287859400","35982425","310","12383613","1627.68","Aligned",0,1,NULL,NULL,"0"
"Minidoka NHS","National Historic Site","ID","Pacific West","MIIN",NULL,NULL,NULL,"Free","112723","14090","22025","Low (<100K/yr)","4718400","589800","5274800","659350","7","205813","40.03","Aligned",0,1,NULL,NULL,"0"
"Camp Nelson NM","National Monument","KY","Southeast","CANE",NULL,NULL,NULL,"Free","110425","13803","34716","Low (<100K/yr)","7417000","1854250","10105000","2526250","26","838500","67.12","Aligned",0,1,NULL,NULL,"0"
"Cesar E. Chavez NM","National Monument","CA","Pacific West","CECH",NULL,NULL,NULL,"Free","109796","13725","26641","Low (<100K/yr)","6998600","874825","9874600","1234325","10","474725","62.99","Aligned",0,1,NULL,NULL,"0"
"John F. Kennedy NHS","National Historic Site","MA","Northeast","JOFI",NULL,NULL,NULL,"Free","106227","13278","18180","Low (<100K/yr)","6498100","812263","9360200","1170025","10","452350","63.27","Aligned",0,1,NULL,NULL,"0"
"Saint Paul's Church NHS","National Historic Site","NY","Northeast","SAPA",NULL,NULL,NULL,"Free","104887","13111","12135","Low (<100K/yr)","6488600","811075","9067400","1133425","9","456700","63.02","Aligned",0,1,NULL,NULL,"0"
"Eugene O'Neill NHS","National Historic Site","CA","Pacific West","EUON",NULL,NULL,NULL,"Free","99388","12424","17653","Low (<100K/yr)","6466800","808350","8968900","1121113","8","466938","63.02","Aligned",0,1,NULL,NULL,"0"
"Washita Battlefield NHS","National Historic Site","OK","Intermountain","WABA",NULL,NULL,NULL,"Free","99077","12385","12369","Low (<100K/yr)","6256500","782063","7046800","880850","11","247750","63.00","Aligned",0,1,NULL,NULL,"0"
"Fort Union Trading Post NHS","National Historic Site","ND","Midwest","FOUS",NULL,NULL,NULL,"Free","94343","11793","12028","Low (<100K/yr)","8188800","1023600","7869500","983688","11","359325","86.64","Aligned",0,1,NULL,NULL,"0"
"Saint Croix Island IHS","International Historic Site","ME","Northeast","SACR",NULL,NULL,NULL,"Free","90778","11347","13508","Low (<100K/yr)","5746700","718338","7251000","906375","9","298513","63.00","Aligned",0,1,NULL,NULL,"0"
"Edgar Allan Poe NHS","National Historic Site","PA","Northeast","EDAL",NULL,NULL,NULL,"Free","83467","10433","8131","Low (<100K/yr)","5198700","649838","7867800","983475","9","376063","62.72","Aligned",0,1,NULL,NULL,"0"
"Charles Young Buffalo Soldiers NM","National Monument","OH","Midwest","CHYO",NULL,NULL,NULL,"Free","80066","10008","4716","Low (<100K/yr)","4865200","608150","6479400","809925","9","275400","62.98","Aligned",0,1,NULL,NULL,"0"
"Knife River Indian Villages NHS","National Historic Site","ND","Midwest","KNRI",NULL,NULL,NULL,"Free","78384","9798","10867","Low (<100K/yr)","4936800","617100","6399800","799975","8","262613","63.02","Aligned",0,1,NULL,NULL,"0"
"Fort Union NM","National Monument","NM","Intermountain","FOUN",NULL,NULL,NULL,"Free","77895","9737","9217","Low (<100K/yr)","5670700","708838","6397100","799638","9","267438","72.96","Aligned",0,1,NULL,NULL,"0"
"First Ladies NHS","National Historic Site","OH","Midwest","FILA",NULL,NULL,NULL,"Free","75388","9424","12642","Low (<100K/yr)","4755100","594388","7080700","885088","8","310588","63.00","Aligned",0,1,NULL,NULL,"0"
"Frederick Law Olmsted NHS","National Historic Site","MA","Northeast","FRLA",NULL,NULL,NULL,"Free","75173","9397","13218","Low (<100K/yr)","4791000","598875","7058000","882250","8","344150","62.99","Aligned",0,1,NULL,NULL,"0"
"Gates of the Arctic NP & PRES","National Park","AK","Alaska","GAAR",NULL,NULL,NULL,"Free","73929","9241","11907","Low (<100K/yr)","121477400","15184675","177051400","22131425","190","7609500","1627.46","Aligned",0,1,NULL,NULL,"0"
"Salt River Bay NHP & EPRES","National Historical Park","VI","Southeast","SARI",NULL,NULL,NULL,"Free","73148","9144","13185","Low (<100K/yr)","4711200","588900","6073500","759188","6","271800","62.99","Aligned",0,1,NULL,NULL,"0"
"Reconstruction Era NHP","National Historical Park","SC","Southeast","REER",NULL,NULL,NULL,"Free","65432","8179","23378","Low (<100K/yr)","4444000","1481333","5214000","1738000","16","565000","67.79","Aligned",0,1,NULL,NULL,"0"
"Fort Bowie NHS","National Historic Site","AZ","Intermountain","FOBO",NULL,NULL,NULL,"Free","64934","8117","8483","Low (<100K/yr)","3487500","435938","4185200","523150","6","169525","53.73","Aligned",0,1,NULL,NULL,"0"
"Pullman NHP","National Historical Park","IL","Midwest","PULL",NULL,NULL,NULL,"Free","61179","7647","31961","Low (<100K/yr)","4206000","2103000","6217000","3108500","22","1191500","68.67","Aligned",0,1,NULL,NULL,"0"
"Alibates Flint Quarries NM","National Monument","TX","Intermountain","ALFL",NULL,NULL,NULL,"Free","58754","7344","8558","Low (<100K/yr)","3719100","464888","4681300","585163","6","188025","63.01","Aligned",0,1,NULL,NULL,"0"
"President W.J. Clinton Birthplace Home NHS","National Historic Site","AR","Southeast","WICL",NULL,NULL,NULL,"Free","58431","7304","6215","Low (<100K/yr)","3636800","454600","4443300","555413","7","165850","63.04","Aligned",0,1,NULL,NULL,"0"
"Maggie L. Walker NHS","National Historic Site","VA","Northeast","MAWA",NULL,NULL,NULL,"Free","53225","6653","6310","Low (<100K/yr)","3299000","412375","4539300","567413","6","186713","63.01","Aligned",0,1,NULL,NULL,"0"
"Thomas Stone NHS","National Historic Site","MD","Northeast","THST",NULL,NULL,NULL,"Free","47958","5995","4538","Low (<100K/yr)","2973100","371638","4162400","520300","5","198925","63.01","Aligned",0,1,NULL,NULL,"0"
"Sand Creek Massacre NHS","National Historic Site","CO","Intermountain","SAND",NULL,NULL,NULL,"Free","45686","5711","6401","Low (<100K/yr)","2881700","360213","3006300","375788","5","98163","63.02","Aligned",0,1,NULL,NULL,"0"
"Belmont-Paul Women's Equality NM","National Monument","DC","National Capital","BEPA",NULL,NULL,NULL,"Free","42160","5270","7704","Low (<100K/yr)","836700","104588","1203600","150450","1","55788","20.15","Aligned",0,1,NULL,NULL,"0"
"Nicodemus NHS","National Historic Site","KS","Midwest","NICO",NULL,NULL,NULL,"Free","34419","4302","7535","Low (<100K/yr)","2123900","265488","2124000","265500","3","78913","59.89","Aligned",0,1,NULL,NULL,"0"
"Ice Age NST","National Scenic Trail","WI","Midwest","IATR",NULL,NULL,NULL,"Free","29711","3714","29711","Low (<100K/yr)","2091000","2091000","2778000","2778000","22","934000","70.38","Aligned",0,1,NULL,NULL,"0"
"Harriet Tubman Underground Railroad NHP","National Historical Park","MD","Northeast","HATU",NULL,NULL,NULL,"Free","29392","3674","17946","Low (<100K/yr)","2030000","1015000","2410000","1205000","11","392500","68.69","Aligned",0,1,NULL,NULL,"0"
"Ste. Genevieve NHP","National Historical Park","MO","Midwest","STGE",NULL,NULL,NULL,"Free","23893","2987","23893","Low (<100K/yr)","1681000","1681000","1852000","1852000","18","536000","70.36","Aligned",0,1,NULL,NULL,"0"
"Clara Barton NHS","National Historic Site","MD","National Capital","CLBA",NULL,NULL,NULL,"Free","23205","2901","13334","Low (<100K/yr)","1562000","195250","2211000","276375","2","101250","63.78","Aligned",0,1,NULL,NULL,"0"
"Bering Land Bridge NPRES","National Preserve","AK","Alaska","BELA",NULL,NULL,NULL,"Free","21136","2642","2642","Low (<100K/yr)","34412700","4301588","50120500","6265063","54","2154225","1628.16","Aligned",0,1,NULL,NULL,"0"
"Mill Springs Battlefield NM","National Monument","KY","Southeast","MISP",NULL,NULL,NULL,"Free","17729","2216","8579","Low (<100K/yr)","1216000","608000","1448000","724000","8","220000","68.64","Aligned",0,1,NULL,NULL,"0"
"Mary McLeod Bethune Council House NHS","National Historic Site","DC","National Capital","MAMC",NULL,NULL,NULL,"Free","13622","1703","3338","Low (<100K/yr)","658100","82263","969300","121163","1","47338","35.60","Aligned",0,1,NULL,NULL,"0"
"Thaddeus Kosciuszko NMEM","National Memorial","PA","Northeast","THKO",NULL,NULL,NULL,"Free","12525","1566","2336","Low (<100K/yr)","791100","98888","1197200","149650","1","57000","63.13","Aligned",0,0,"Memorial: practice and political precedent (no NPS memorial currently charges)",NULL,"0"
"Yukon-Charley Rivers NPRES","National Preserve","AK","Alaska","YUCH",NULL,NULL,NULL,"Free","8088","1011","1700","Low (<100K/yr)","18406500","2300813","26911800","3363975","24","1129775","1942.95","Aligned",0,1,NULL,NULL,"0"
"Carter G. Woodson Home NHS","National Historic Site","DC","National Capital","CAWO",NULL,NULL,NULL,"Free","6797","850","30","Low (<100K/yr)","129900","16238","185500","23188","0","8675","22.04","Aligned",0,1,NULL,NULL,"0"
"Tule Lake NM","National Monument","CA","Pacific West","TULE",NULL,NULL,NULL,"Free","6541","818","3810","Low (<100K/yr)","451000","225500","515000","257500","3","87500","68.67","Aligned",0,1,NULL,NULL,"0"
"Port Chicago Naval Magazine NMEM","National Memorial","CA","Pacific West","POCH",NULL,NULL,NULL,"Free","6030","754","930","Low (<100K/yr)","382100","47763","532300","66538","1","27313","62.67","Aligned",0,0,"Memorial: practice and political precedent (no NPS memorial currently charges)",NULL,"0"
"Amache NHS","National Historic Site","CO","Intermountain","AMCH",NULL,NULL,NULL,"Free","4771","596","4771","Low (<100K/yr)","336000","336000","379000","379000","4","111000","70.43","Aligned",0,1,NULL,NULL,"0"
"Emmett Till and Mamie Till-Mobley NM","National Monument","MS","Southeast","TILL",NULL,NULL,NULL,"Free","3513","439","3513","Low (<100K/yr)","248000","248000","318000","318000","2","108000","70.59","Aligned",0,1,NULL,NULL,"0"
"Rio Grande W&SR","National Wild & Scenic River","TX","Intermountain","RIGR","30","per-vehicle","12","Mid ($10-19)","2189","274","172","Low (<100K/yr)","1788500","223563","2226800","278350","4","80275","812.36","Aligned",0,1,NULL,NULL,"0"
"Aniakchak NM & PRES","National Monument","AK","Alaska","ANIA",NULL,NULL,NULL,"Free","1050","131","191","Low (<100K/yr)","1612200","201525","2387200","298400","3","102663","1442.43","Aligned",0,1,NULL,NULL,"0"
"Alagnak WR","National Wild & Scenic River","AK","Alaska","ALAG",NULL,NULL,NULL,"Free","955","119","278","Low (<100K/yr)","46000","11500","52000","13000","0","4750","47.62","Aligned",0,1,NULL,NULL,"0"
