ParkName,Year,RecreationVisits,VisitorSpending,JobsSupported,LaborIncome,ValueAdded,EconomicOutput
Abraham Lincoln Birthplace NHP,2024,249166.0,17534000.0,195.0,7968000.0,14052000.0,24349000.0
Acadia NP,2024,3961661.0,538906000.0,5304.0,243133000.0,459921000.0,744545000.0
Adams NHP,2024,45656.0,3213000.0,31.0,1804000.0,3028000.0,4691000.0
African Burial Ground NM,2024,36007.0,2534000.0,21.0,1410000.0,2447000.0,3606000.0
Agate Fossil Beds NM,2024,19395.0,1694000.0,18.0,484000.0,960000.0,1813000.0
Alagnak WR,2024,278.0,14000.0,0.0,5000.0,9000.0,15000.0
Alibates Flint Quarries NM,2024,8558.0,602000.0,6.0,238000.0,428000.0,762000.0
Allegheny Portage Railroad NHS,2024,193903.0,13645000.0,148.0,6644000.0,11289000.0,18998000.0
Amache NHS,2024,4771.0,336000.0,4.0,111000.0,210000.0,379000.0
Amistad NRA,2024,832294.0,43943000.0,426.0,12793000.0,24920000.0,45868000.0
Andersonville NHS,2024,72925.0,5132000.0,61.0,1794000.0,3416000.0,6421000.0
Andrew Johnson NHS,2024,55270.0,3889000.0,39.0,1767000.0,3125000.0,5204000.0
Aniakchak NM & PRES,2024,191.0,396000.0,4.0,192000.0,351000.0,573000.0
Antietam NB,2024,197340.0,13882000.0,131.0,6909000.0,12448000.0,19362000.0
Apostle Islands NL,2024,253703.0,49321000.0,472.0,20003000.0,34556000.0,60138000.0
Appomattox Court House NHP,2024,83769.0,5895000.0,62.0,2225000.0,4170000.0,7278000.0
Arches NP,2024,1466528.0,287785000.0,2502.0,94522000.0,183289000.0,312122000.0
Arkansas Post NMEM,2024,26203.0,1844000.0,20.0,714000.0,1328000.0,2342000.0
Arlington House The R.E. Lee MEM,2024,447641.0,31499000.0,294.0,15635000.0,28326000.0,43841000.0
Assateague Island NS,2024,2282498.0,120137000.0,1075.0,44563000.0,80941000.0,134306000.0
Aztec Ruins NM,2024,40019.0,2635000.0,26.0,969000.0,1853000.0,3251000.0
Badlands NP,2024,1094245.0,143206000.0,1410.0,58901000.0,111301000.0,191413000.0
Bandelier NM,2024,213595.0,15870000.0,159.0,6454000.0,11799000.0,20181000.0
Belmont-Paul Women's Equality NM,2024,7704.0,177000.0,2.0,90000.0,165000.0,253000.0
Bent's Old Fort NHS,2024,16102.0,1133000.0,11.0,432000.0,837000.0,1418000.0
Bering Land Bridge NPRES,2024,2642.0,5145000.0,48.0,2502000.0,4521000.0,7371000.0
Big Bend NP,2024,561458.0,56817000.0,585.0,17269000.0,34443000.0,63707000.0
Big Cypress NPRES,2024,2216708.0,214069000.0,1993.0,103880000.0,190313000.0,303191000.0
Big Hole NB,2024,45211.0,3780000.0,39.0,1286000.0,2151000.0,4144000.0
Big South Fork NRRA,2024,779602.0,28466000.0,244.0,10784000.0,19343000.0,31583000.0
Big Thicket NPRES,2024,271823.0,21057000.0,206.0,9174000.0,16870000.0,27828000.0
Bighorn Canyon NRA,2024,219815.0,11557000.0,121.0,4382000.0,7609000.0,14003000.0
Biscayne NP,2024,512213.0,39679000.0,362.0,19190000.0,34520000.0,55023000.0
Black Canyon of the Gunnison NP,2024,335862.0,25238000.0,209.0,10258000.0,19050000.0,30348000.0
Blue Ridge PKWY,2024,16733639.0,1521013000.0,15679.0,581720000.0,1071669000.0,1882268000.0
Bluestone NSR,2024,7327.0,387000.0,4.0,135000.0,252000.0,439000.0
Booker T. Washington NM,2024,24209.0,1703000.0,19.0,672000.0,1241000.0,2204000.0
Boston African American NHS,2024,393386.0,27681000.0,265.0,15634000.0,26194000.0,40565000.0
Boston Harbor Islands NRA,2024,28157.0,1488000.0,13.0,770000.0,1299000.0,2007000.0
Boston NHP,2024,2744458.0,193124000.0,1848.0,109087000.0,182738000.0,282993000.0
Brown v. Board of Education NHP,2024,21919.0,1542000.0,18.0,766000.0,1349000.0,2294000.0
Bryce Canyon NP,2024,2498075.0,244884000.0,2334.0,69263000.0,139948000.0,270134000.0
Buck Island Reef NM,2024,42289.0,3179000.0,25.0,1342000.0,2652000.0,3969000.0
Buffalo NR,2024,1686348.0,88678000.0,889.0,32586000.0,60008000.0,105529000.0
Cabrillo NM,2024,845912.0,59525000.0,566.0,29339000.0,50637000.0,79914000.0
Camp Nelson NM,2024,34716.0,2443000.0,27.0,1045000.0,1854000.0,3234000.0
Canaveral NS,2024,1884091.0,88177000.0,811.0,37698000.0,70430000.0,113947000.0
Cane River Creole NHP,2024,12592.0,886000.0,10.0,314000.0,607000.0,1104000.0
Canyon de Chelly NM,2024,387433.0,49793000.0,515.0,16676000.0,32522000.0,59523000.0
Canyonlands NP,2024,818492.0,116288000.0,1011.0,38241000.0,74267000.0,125599000.0
Cape Cod NS,2024,3823242.0,598168000.0,5385.0,277308000.0,483847000.0,754419000.0
Cape Hatteras NS,2024,2762954.0,650279000.0,7012.0,277130000.0,492967000.0,852033000.0
Cape Krusenstern NM,2024,17736.0,34526000.0,323.0,16789000.0,30342000.0,49466000.0
Cape Lookout NS,2024,552786.0,28925000.0,293.0,9964000.0,17640000.0,32033000.0
Capitol Reef NP,2024,1422490.0,127194000.0,1237.0,36060000.0,74847000.0,141624000.0
Capulin Volcano NM,2024,96078.0,3445000.0,32.0,1120000.0,2047000.0,3579000.0
Carl Sandburg Home NHS,2024,113362.0,7977000.0,83.0,3262000.0,6022000.0,10310000.0
Carlsbad Caverns NP,2024,460474.0,35714000.0,335.0,11964000.0,22305000.0,38538000.0
Carter G. Woodson Home NHS,2024,30.0,1000.0,0.0,0.0,1000.0,1000.0
Casa Grande Ruins NM,2024,104429.0,7349000.0,76.0,3772000.0,6741000.0,10991000.0
Castillo de San Marcos NM,2024,579825.0,40801000.0,433.0,17585000.0,32726000.0,55523000.0
Castle Clinton NM,2024,3822759.0,113498000.0,869.0,52628000.0,91132000.0,137851000.0
Catoctin Mountain Park,2024,380681.0,11749000.0,91.0,4744000.0,8389000.0,13178000.0
Cedar Breaks NM,2024,722834.0,55859000.0,547.0,20779000.0,38877000.0,67180000.0
Cesar E. Chavez NM,2024,26641.0,1875000.0,18.0,968000.0,1657000.0,2618000.0
Chaco Culture NHP,2024,37840.0,2456000.0,24.0,940000.0,1724000.0,3001000.0
Chamizal NMEM,2024,6627.0,466000.0,5.0,174000.0,322000.0,585000.0
Channel Islands NP,2024,262581.0,17742000.0,161.0,9228000.0,15833000.0,24863000.0
Charles Pinckney NHS,2024,30903.0,2175000.0,22.0,886000.0,1708000.0,2830000.0
Charles Young Buffalo Soldiers NM,2024,4716.0,332000.0,4.0,143000.0,249000.0,428000.0
Chattahoochee River NRA,2024,2940804.0,155445000.0,1564.0,73014000.0,132356000.0,216838000.0
Chesapeake & Ohio Canal NHP,2024,4421276.0,100496000.0,976.0,50717000.0,92200000.0,143912000.0
Chickamauga & Chattanooga NMP,2024,1003081.0,70550000.0,746.0,26705000.0,49410000.0,87209000.0
Chickasaw NRA,2024,1670498.0,31681000.0,218.0,7914000.0,14343000.0,25339000.0
Chiricahua NM,2024,71390.0,5122000.0,50.0,1712000.0,3184000.0,5655000.0
Christiansted NHS,2024,124539.0,8763000.0,72.0,3841000.0,7430000.0,11215000.0
City of Rocks NRES,2024,89949.0,6329000.0,62.0,2307000.0,4270000.0,7371000.0
Clara Barton NHS,2024,13334.0,938000.0,9.0,467000.0,845000.0,1310000.0
Colonial NHP,2024,2551228.0,317919000.0,3324.0,118034000.0,224681000.0,388572000.0
Colorado NM,2024,488038.0,37123000.0,348.0,13834000.0,26563000.0,45005000.0
Congaree NP,2024,242049.0,14609000.0,134.0,5229000.0,10373000.0,17586000.0
Coronado NMEM,2024,164426.0,11570000.0,118.0,4883000.0,8813000.0,14892000.0
Cowpens NB,2024,156287.0,12118000.0,130.0,5630000.0,10153000.0,17160000.0
Crater Lake NP,2024,504942.0,53516000.0,564.0,25152000.0,43405000.0,74295000.0
Craters of the Moon NM & PRES,2024,314118.0,13093000.0,124.0,4911000.0,8742000.0,15441000.0
Cumberland Gap NHP,2024,729249.0,23973000.0,201.0,6683000.0,13410000.0,24310000.0
Cumberland Island NS,2024,64706.0,3298000.0,32.0,1361000.0,2483000.0,4156000.0
Curecanti NRA,2024,980899.0,51506000.0,412.0,19039000.0,35676000.0,57165000.0
Cuyahoga Valley NP,2024,2912454.0,143920000.0,1598.0,71532000.0,126137000.0,213710000.0
Dayton Aviation Heritage NHP,2024,87032.0,6270000.0,73.0,3285000.0,5756000.0,9737000.0
De Soto NMEM,2024,155016.0,10909000.0,117.0,5121000.0,9399000.0,15711000.0
Death Valley NP,2024,1440484.0,146167000.0,1343.0,66664000.0,119573000.0,191059000.0
Delaware Water Gap NRA,2024,4079763.0,164196000.0,1580.0,76077000.0,127771000.0,210658000.0
Denali NP & PRES,2024,466227.0,611952000.0,5659.0,297298000.0,539589000.0,879690000.0
Devils Postpile NM,2024,94215.0,7307000.0,70.0,2965000.0,5170000.0,8660000.0
Devils Tower NM,2024,540890.0,41734000.0,407.0,15647000.0,30340000.0,52289000.0
Dinosaur NM,2024,322113.0,24210000.0,243.0,6911000.0,14622000.0,26115000.0
Dry Tortugas NP,2024,84873.0,6250000.0,49.0,2346000.0,4333000.0,6824000.0
Dwight D. Eisenhower MEM,2024,731476.0,16737000.0,158.0,8560000.0,15614000.0,23971000.0
Edgar Allan Poe NHS,2024,8131.0,572000.0,6.0,311000.0,527000.0,846000.0
Effigy Mounds NM,2024,61975.0,4753000.0,51.0,1801000.0,3302000.0,5897000.0
Eisenhower NHS,2024,123466.0,8689000.0,81.0,4312000.0,7657000.0,11913000.0
El Malpais NM,2024,163679.0,11518000.0,123.0,4716000.0,8603000.0,14999000.0
El Morro NM,2024,57827.0,4420000.0,43.0,1337000.0,2562000.0,4710000.0
Eleanor Roosevelt NHS,2024,23699.0,1668000.0,15.0,808000.0,1423000.0,2200000.0
Emmett Till and Mamie Till-Mobley NM,2024,3513.0,248000.0,2.0,108000.0,194000.0,318000.0
Eugene O'Neill NHS,2024,17653.0,1242000.0,10.0,672000.0,1132000.0,1682000.0
Everglades NP,2024,741983.0,114601000.0,1126.0,62589000.0,111133000.0,175943000.0
Federal Hall NMEM,2024,63314.0,4025000.0,32.0,2348000.0,4045000.0,5623000.0
Fire Island NS,2024,303731.0,16055000.0,122.0,8099000.0,14207000.0,20769000.0
First Ladies NHS,2024,12642.0,890000.0,10.0,441000.0,764000.0,1291000.0
First State NHP,2024,208870.0,14698000.0,148.0,8004000.0,13490000.0,21323000.0
Flight 93 NMEM,2024,349566.0,24598000.0,266.0,12010000.0,20483000.0,34434000.0
Florissant Fossil Beds NM,2024,71499.0,5031000.0,47.0,2484000.0,4495000.0,7090000.0
Ford's Theatre NHS,2024,457132.0,10460000.0,99.0,5350000.0,9758000.0,14981000.0
Fort Bowie NHS,2024,8483.0,372000.0,3.0,121000.0,225000.0,399000.0
Fort Caroline NMEM,2024,260350.0,18320000.0,197.0,8414000.0,15428000.0,25952000.0
Fort Davis NHS,2024,42553.0,2994000.0,28.0,956000.0,1828000.0,3181000.0
Fort Donelson NB,2024,166026.0,5540000.0,51.0,1819000.0,3226000.0,5805000.0
Fort Frederica NM,2024,243027.0,19048000.0,203.0,8174000.0,14980000.0,25396000.0
Fort Laramie NHS,2024,44045.0,1401000.0,13.0,384000.0,724000.0,1384000.0
Fort Larned NHS,2024,26219.0,1897000.0,20.0,636000.0,1195000.0,2212000.0
Fort Matanzas NM,2024,680040.0,47854000.0,506.0,20580000.0,38344000.0,64994000.0
Fort McHenry NM & HS,2024,394175.0,27738000.0,261.0,13886000.0,24907000.0,38592000.0
Fort Necessity NB,2024,276173.0,19423000.0,216.0,9742000.0,16752000.0,28239000.0
Fort Point NHS,2024,1189908.0,83732000.0,692.0,45277000.0,76246000.0,113371000.0
Fort Pulaski NM,2024,356993.0,27688000.0,264.0,10871000.0,20970000.0,34697000.0
Fort Raleigh NHS,2024,274783.0,19335000.0,208.0,7612000.0,14009000.0,24495000.0
Fort Scott NHS,2024,24654.0,513000.0,5.0,157000.0,275000.0,532000.0
Fort Smith NHS,2024,124486.0,8760000.0,99.0,3439000.0,6408000.0,11524000.0
Fort Stanwix NM,2024,79704.0,5286000.0,46.0,2130000.0,4152000.0,6509000.0
Fort Sumter and Fort Moultrie NHP,2024,384308.0,27042000.0,268.0,11026000.0,21297000.0,35328000.0
Fort Union NM,2024,9217.0,741000.0,7.0,270000.0,493000.0,822000.0
Fort Union Trading Post NHS,2024,12028.0,1137000.0,10.0,361000.0,632000.0,1114000.0
Fort Vancouver NHS,2024,1007756.0,70914000.0,714.0,35289000.0,63114000.0,102283000.0
Fort Washington Park,2024,491013.0,34552000.0,317.0,17047000.0,30951000.0,47676000.0
Fossil Butte NM,2024,21491.0,1270000.0,11.0,432000.0,807000.0,1353000.0
Franklin Delano Roosevelt MEM,2024,3225923.0,26649000.0,258.0,14337000.0,24410000.0,37475000.0
Frederick Douglass NHS,2024,25836.0,591000.0,6.0,302000.0,551000.0,844000.0
Frederick Law Olmsted NHS,2024,13218.0,930000.0,9.0,522000.0,877000.0,1360000.0
Fredericksburg & Spotsylvania NMP,2024,818533.0,57599000.0,536.0,27624000.0,50186000.0,78141000.0
Friendship Hill NHS,2024,19465.0,1370000.0,15.0,678000.0,1168000.0,1969000.0
Gates of the Arctic NP & PRES,2024,11907.0,23177000.0,217.0,11270000.0,20368000.0,33207000.0
Gateway Arch NP,2024,2563052.0,184599000.0,2157.0,104231000.0,179764000.0,300650000.0
Gateway NRA,2024,8929035.0,294757000.0,2343.0,113514000.0,205058000.0,328966000.0
Gauley River NRA,2024,272898.0,13946000.0,134.0,4842000.0,8756000.0,15196000.0
General Grant NMEM,2024,110602.0,4935000.0,42.0,2763000.0,4793000.0,6842000.0
George Rogers Clark NHP,2024,166621.0,11725000.0,122.0,4256000.0,8203000.0,14479000.0
George Washington Birthplace NM,2024,58983.0,3256000.0,29.0,1510000.0,2739000.0,4263000.0
George Washington Carver NM,2024,39081.0,847000.0,8.0,324000.0,568000.0,1016000.0
George Washington MEM PKWY,2024,6782717.0,225708000.0,2072.0,118337000.0,209945000.0,323403000.0
Gettysburg NMP,2024,741574.0,57506000.0,518.0,28188000.0,50234000.0,77894000.0
Gila Cliff Dwellings NM,2024,47378.0,3334000.0,32.0,1043000.0,1934000.0,3460000.0
Glacier Bay NP & PRES,2024,736282.0,333265000.0,3088.0,166755000.0,302943000.0,521384000.0
Glacier NP,2024,3208755.0,457955000.0,5188.0,217176000.0,359081000.0,656188000.0
Glen Canyon NRA,2024,4725610.0,516822000.0,4830.0,213131000.0,381809000.0,634245000.0
Golden Gate NRA,2024,17187508.0,1769628000.0,11815.0,969712000.0,1578986000.0,2235430000.0
Golden Spike NHP,2024,55285.0,3780000.0,39.0,1690000.0,3127000.0,5294000.0
Governors Island NM,2024,63086.0,4439000.0,38.0,2474000.0,4285000.0,6309000.0
Grand Canyon NP,2024,4919163.0,905346000.0,8778.0,393248000.0,697736000.0,1143263000.0
Grand Portage NM,2024,88931.0,6896000.0,59.0,2104000.0,3960000.0,6728000.0
Grand Teton NP,2024,3628222.0,807563000.0,6861.0,329149000.0,593456000.0,983519000.0
Grant-Kohrs Ranch NHS,2024,27479.0,720000.0,8.0,322000.0,523000.0,950000.0
Great Basin NP,2024,152068.0,16742000.0,146.0,7607000.0,14022000.0,22709000.0
Great Sand Dunes NP & PRES,2024,437661.0,29547000.0,261.0,8525000.0,17025000.0,30898000.0
Great Smoky Mountains NP,2024,12191834.0,2041287000.0,20349.0,1015336000.0,1779662000.0,2857978000.0
Greenbelt Park,2024,77642.0,1026000.0,8.0,414000.0,701000.0,1101000.0
Guadalupe Mountains NP,2024,226134.0,28092000.0,245.0,9687000.0,18483000.0,32339000.0
Guilford Courthouse NMP,2024,461143.0,32449000.0,356.0,15585000.0,27024000.0,45976000.0
Gulf Islands NS,2024,7801176.0,410967000.0,4018.0,164262000.0,302513000.0,514233000.0
Hagerman Fossil Beds NM,2024,39104.0,2752000.0,28.0,1239000.0,2206000.0,3726000.0
Haleakala NP,2024,732477.0,56001000.0,439.0,23729000.0,46922000.0,70168000.0
Hamilton Grange NMEM,2024,63647.0,4479000.0,38.0,2492000.0,4327000.0,6366000.0
Hampton NHS,2024,12260.0,862000.0,8.0,436000.0,777000.0,1204000.0
Harpers Ferry NHP,2024,488049.0,29193000.0,294.0,15405000.0,27562000.0,43207000.0
Harriet Tubman Underground Railroad NHP,2024,17946.0,1263000.0,12.0,473000.0,889000.0,1468000.0
Harry S Truman NHS,2024,24102.0,1696000.0,19.0,849000.0,1490000.0,2534000.0
Hawaii Volcanoes NP,2024,1433593.0,445429000.0,3605.0,187562000.0,379589000.0,570869000.0
Herbert Hoover NHS,2024,148031.0,10417000.0,110.0,4079000.0,7605000.0,13286000.0
Home of Franklin D. Roosevelt NHS,2024,123848.0,8715000.0,78.0,4247000.0,7474000.0,11597000.0
Homestead NHP,2024,52330.0,2050000.0,20.0,717000.0,1297000.0,2322000.0
Hopewell Culture NHP,2024,65350.0,4599000.0,50.0,2213000.0,3890000.0,6564000.0
Hopewell Furnace NHS,2024,48776.0,3432000.0,36.0,1832000.0,3108000.0,5043000.0
Horseshoe Bend NMP,2024,64063.0,4509000.0,51.0,1853000.0,3385000.0,6011000.0
Hot Springs NP,2024,2461812.0,189775000.0,2125.0,72527000.0,141290000.0,253410000.0
Hovenweep NM,2024,31471.0,2367000.0,22.0,838000.0,1613000.0,2792000.0
Hubbell Trading Post NHS,2024,46419.0,3266000.0,34.0,1083000.0,2057000.0,3758000.0
Ice Age NST,2024,29711.0,2091000.0,22.0,934000.0,1655000.0,2778000.0
Independence NHP,2024,2798651.0,196937000.0,2048.0,107032000.0,181332000.0,291254000.0
Indiana Dunes NP,2024,2705209.0,142760000.0,1228.0,67877000.0,124668000.0,192936000.0
Isle Royale NP,2024,28806.0,11950000.0,95.0,3759000.0,7242000.0,14175000.0
James A. Garfield NHS,2024,39671.0,1714000.0,20.0,828000.0,1456000.0,2492000.0
Jean Lafitte NHP & PRES,2024,212591.0,14960000.0,161.0,6149000.0,11540000.0,19942000.0
Jewel Cave NM,2024,145332.0,10227000.0,105.0,3937000.0,7475000.0,13021000.0
Jimmy Carter NHP,2024,33031.0,2324000.0,27.0,810000.0,1542000.0,2898000.0
"John D. Rockefeller, Jr. MEM PKWY",2024,1459804.0,11317000.0,90.0,5003000.0,8139000.0,12699000.0
John Day Fossil Beds NM,2024,122529.0,9542000.0,94.0,4257000.0,7456000.0,12588000.0
John F. Kennedy NHS,2024,18180.0,1279000.0,12.0,718000.0,1206000.0,1871000.0
John Muir NHS,2024,45753.0,3219000.0,27.0,1741000.0,2931000.0,4361000.0
Johnstown Flood NMEM,2024,95842.0,7175000.0,81.0,3617000.0,6175000.0,10434000.0
Joshua Tree NP,2024,2991874.0,179292000.0,1633.0,73560000.0,130440000.0,214109000.0
Kalaupapa NHP,2024,30774.0,2165000.0,18.0,949000.0,1836000.0,2771000.0
Kaloko Honokohau NHP,2024,351422.0,24729000.0,204.0,10840000.0,20966000.0,31648000.0
Katahdin Woods and Waters NM,2024,35173.0,2702000.0,26.0,1064000.0,2048000.0,3440000.0
Katmai NP & PRES,2024,36230.0,70525000.0,659.0,34294000.0,61978000.0,101043000.0
Kenai Fjords NP,2024,419468.0,92753000.0,1187.0,49649000.0,77447000.0,131149000.0
Kennesaw Mountain NBP,2024,1495856.0,105262000.0,1155.0,53913000.0,97010000.0,159134000.0
Keweenaw NHP,2024,31191.0,2195000.0,23.0,674000.0,1324000.0,2436000.0
Kings Canyon NP,2024,699389.0,72735000.0,729.0,30973000.0,53557000.0,90685000.0
Kings Mountain NMP,2024,182463.0,8742000.0,93.0,4054000.0,7222000.0,12227000.0
Klondike Gold Rush NHP Alaska,2024,1336008.0,219983000.0,2342.0,110668000.0,161980000.0,265262000.0
Klondike Gold Rush NHP Seattle,2024,81652.0,5746000.0,44.0,2580000.0,5156000.0,7559000.0
Knife River Indian Villages NHS,2024,10867.0,765000.0,8.0,304000.0,536000.0,977000.0
Kobuk Valley NP,2024,17233.0,33545000.0,314.0,16312000.0,29480000.0,48061000.0
Korean War Veterans MEM,2024,4344305.0,126850000.0,1183.0,70590000.0,124172000.0,184634000.0
LBJ Memorial Grove on the Potomac,2024,241358.0,16984000.0,158.0,8430000.0,15273000.0,23639000.0
Lake Chelan NRA,2024,30815.0,2442000.0,17.0,1042000.0,2134000.0,3061000.0
Lake Clark NP & PRES,2024,18505.0,36022000.0,337.0,17516000.0,31656000.0,51610000.0
Lake Mead NRA,2024,6412854.0,408444000.0,3661.0,192320000.0,347686000.0,553411000.0
Lake Meredith NRA,2024,1212905.0,30223000.0,160.0,6184000.0,11338000.0,19077000.0
Lake Roosevelt NRA,2024,1091489.0,57831000.0,462.0,19761000.0,42595000.0,67205000.0
Lassen Volcanic NP,2024,357651.0,34895000.0,320.0,13748000.0,23996000.0,40687000.0
Lava Beds NM,2024,127563.0,6465000.0,57.0,2353000.0,4135000.0,7082000.0
Lewis & Clark NHP,2024,267118.0,18797000.0,176.0,8725000.0,16252000.0,25791000.0
Lincoln Boyhood NMEM,2024,129904.0,7459000.0,84.0,3305000.0,5994000.0,10148000.0
Lincoln Home NHS,2024,154522.0,11302000.0,110.0,4023000.0,8354000.0,13903000.0
Lincoln MEM,2024,8479349.0,194009000.0,1829.0,99224000.0,180994000.0,277872000.0
Little Bighorn Battlefield NM,2024,111825.0,7869000.0,91.0,3354000.0,5659000.0,10448000.0
Little River Canyon NPRES,2024,763209.0,53705000.0,581.0,21948000.0,40437000.0,70188000.0
Little Rock Central High School NHS,2024,63767.0,4487000.0,53.0,1793000.0,3435000.0,6196000.0
Longfellow House Washington's HQ NHS,2024,51496.0,3624000.0,35.0,2046000.0,3428000.0,5312000.0
Lowell NHP,2024,264456.0,18609000.0,178.0,10453000.0,17549000.0,27191000.0
Lyndon B. Johnson NHP,2024,119278.0,13497000.0,147.0,7143000.0,12930000.0,21625000.0
Maggie L. Walker NHS,2024,6310.0,444000.0,5.0,189000.0,354000.0,598000.0
Mammoth Cave NP,2024,747042.0,73238000.0,883.0,31099000.0,53157000.0,97268000.0
Manassas NBP,2024,541965.0,38137000.0,352.0,18835000.0,34166000.0,52773000.0
Manhattan Project NHP,2024,74693.0,5335000.0,49.0,2276000.0,4152000.0,6713000.0
Manzanar NHS,2024,93854.0,11794000.0,108.0,4652000.0,8246000.0,13632000.0
Marsh-Billings-Rockefeller NHP,2024,81713.0,5749000.0,51.0,2498000.0,4654000.0,7317000.0
"Martin Luther King, Jr. MEM",2024,3251594.0,74397000.0,701.0,38050000.0,69406000.0,106556000.0
"Martin Luther King, Jr. NHP",2024,1159438.0,81588000.0,895.0,41887000.0,75434000.0,123586000.0
Martin Van Buren NHS,2024,17712.0,870000.0,8.0,354000.0,660000.0,1063000.0
Mary McLeod Bethune Council House NHS,2024,3338.0,257000.0,2.0,138000.0,246000.0,367000.0
Medgar and Myrlie Evers Home NM,2024,71554.0,5035000.0,57.0,2093000.0,3892000.0,6898000.0
Mesa Verde NP,2024,480065.0,60171000.0,572.0,22253000.0,43001000.0,73506000.0
Mill Springs Battlefield NM,2024,8579.0,604000.0,7.0,211000.0,375000.0,701000.0
Minidoka NHS,2024,22025.0,1076000.0,9.0,352000.0,751000.0,1211000.0
Minute Man NHP,2024,879316.0,61876000.0,593.0,34894000.0,58559000.0,90776000.0
Minuteman Missile NHS,2024,118108.0,10519000.0,105.0,4000000.0,7662000.0,13189000.0
Mississippi NRRA,2024,256133.0,13539000.0,135.0,6425000.0,11386000.0,18913000.0
Missouri NRR,2024,153521.0,8115000.0,78.0,3186000.0,5666000.0,9712000.0
Mojave NPRES,2024,424864.0,29829000.0,270.0,13538000.0,24378000.0,38285000.0
Monocacy NB,2024,116520.0,4987000.0,46.0,1904000.0,3483000.0,5801000.0
Montezuma Castle NM,2024,379967.0,26738000.0,272.0,13525000.0,24093000.0,38983000.0
Moores Creek NB,2024,69079.0,5358000.0,55.0,1970000.0,3743000.0,6611000.0
Morristown NHP,2024,208138.0,4654000.0,31.0,2237000.0,3748000.0,5420000.0
Mount Rainier NP,2024,1620006.0,72212000.0,522.0,30785000.0,61567000.0,90953000.0
Mount Rushmore NMEM,2024,1850329.0,303904000.0,3081.0,128538000.0,238673000.0,402336000.0
Muir Woods NM,2024,792494.0,111635000.0,744.0,63902000.0,105168000.0,145801000.0
Natchez NHP,2024,21520.0,1514000.0,16.0,560000.0,1059000.0,1878000.0
Natchez Trace PKWY,2024,7364833.0,553964000.0,4487.0,243180000.0,447061000.0,696194000.0
National Capital Parks Central,2024,1034341.0,103847000.0,971.0,57829000.0,101621000.0,151173000.0
National Capital Parks East,2024,1271126.0,37053000.0,332.0,18965000.0,33179000.0,50993000.0
National Park of American Samoa,2024,22567.0,1588000.0,13.0,696000.0,1346000.0,2032000.0
Natural Bridges NM,2024,75680.0,5527000.0,49.0,2019000.0,3723000.0,6219000.0
Navajo NM,2024,58442.0,4408000.0,40.0,1639000.0,2983000.0,5008000.0
New Bedford Whaling NHP,2024,18330.0,1193000.0,12.0,695000.0,1158000.0,1794000.0
New Orleans Jazz NHP,2024,44943.0,3163000.0,34.0,1356000.0,2513000.0,4282000.0
New River Gorge NP & PRES,2024,1811937.0,95496000.0,948.0,33781000.0,62907000.0,109859000.0
Nez Perce NHP,2024,342924.0,24131000.0,215.0,8931000.0,18538000.0,29678000.0
Nicodemus NHS,2024,7535.0,499000.0,5.0,157000.0,285000.0,523000.0
Ninety Six NHS,2024,101352.0,7132000.0,77.0,2832000.0,5404000.0,9360000.0
Niobrara NSR,2024,74387.0,7727000.0,87.0,2394000.0,4428000.0,9023000.0
Noatak NPRES,2024,18311.0,35643000.0,333.0,17332000.0,31324000.0,51067000.0
North Cascades NP,2024,16485.0,950000.0,6.0,378000.0,759000.0,1096000.0
Obed W&SR,2024,261732.0,5548000.0,42.0,1875000.0,3262000.0,5554000.0
Ocmulgee Mounds NHP,2024,141905.0,9985000.0,114.0,3446000.0,6529000.0,12107000.0
Olympic NP,2024,3717267.0,380177000.0,2881.0,176052000.0,352978000.0,515816000.0
Oregon Caves NM & PRES,2024,94016.0,9521000.0,98.0,4093000.0,7138000.0,12364000.0
Organ Pipe Cactus NM,2024,182612.0,23354000.0,215.0,11143000.0,19760000.0,32618000.0
Ozark NSR,2024,1343779.0,70273000.0,724.0,23044000.0,42003000.0,78451000.0
Padre Island NS,2024,514722.0,47540000.0,484.0,18157000.0,33979000.0,58623000.0
Palo Alto Battlefield NHP,2024,178946.0,12592000.0,145.0,4566000.0,8512000.0,15908000.0
Paterson Great Falls NHP,2024,210741.0,14829000.0,138.0,7362000.0,12298000.0,19450000.0
Pea Ridge NMP,2024,102621.0,7222000.0,80.0,3110000.0,5541000.0,9808000.0
Pearl Harbor NMEM,2024,1588798.0,348648000.0,2897.0,165606000.0,338468000.0,501652000.0
Pecos NHP,2024,46726.0,3287000.0,34.0,1383000.0,2501000.0,4275000.0
Pennsylvania Avenue NHS,2024,141840.0,3245000.0,31.0,1660000.0,3028000.0,4648000.0
Perry's Victory & Intl. Peace MEM,2024,91302.0,10011000.0,120.0,5537000.0,9604000.0,15854000.0
Petersburg NB,2024,191623.0,13484000.0,148.0,5812000.0,10851000.0,18511000.0
Petrified Forest NP,2024,559254.0,43357000.0,396.0,15975000.0,28992000.0,48958000.0
Petroglyph NM,2024,354534.0,33243000.0,344.0,14782000.0,27482000.0,47285000.0
Pictured Rocks NL,2024,953052.0,50015000.0,428.0,15754000.0,30319000.0,51492000.0
Pinnacles NP,2024,354076.0,25256000.0,159.0,11425000.0,19313000.0,27783000.0
Pipe Spring NM,2024,24530.0,1726000.0,17.0,657000.0,1213000.0,2101000.0
Pipestone NM,2024,83033.0,5844000.0,60.0,2603000.0,4520000.0,7697000.0
Piscataway Park,2024,334260.0,23522000.0,216.0,11604000.0,21069000.0,32458000.0
Point Reyes NS,2024,2371800.0,184161000.0,1456.0,98359000.0,164609000.0,247492000.0
Port Chicago Naval Magazine NMEM,2024,930.0,65000.0,1.0,35000.0,60000.0,89000.0
President W.J. Clinton Birthplace Home NHS,2024,6215.0,437000.0,5.0,153000.0,297000.0,544000.0
President's Park,2024,915636.0,20949000.0,198.0,10714000.0,19544000.0,30005000.0
Prince William Forest Park,2024,355196.0,11011000.0,87.0,4692000.0,8274000.0,12774000.0
Pu'uhonua o Honaunau NHP,2024,454268.0,31966000.0,264.0,14012000.0,27102000.0,40910000.0
Pu'ukohola Heiau NHS,2024,27507.0,1936000.0,16.0,849000.0,1641000.0,2477000.0
Pullman NHP,2024,31961.0,2249000.0,20.0,1170000.0,2115000.0,3206000.0
Rainbow Bridge NM,2024,17488.0,1231000.0,12.0,468000.0,845000.0,1423000.0
Reconstruction Era NHP,2024,23378.0,1644000.0,15.0,606000.0,1171000.0,1908000.0
Redwood NP,2024,622883.0,47787000.0,465.0,20075000.0,34752000.0,58737000.0
Richmond NBP,2024,156538.0,11015000.0,119.0,4647000.0,8720000.0,14859000.0
Rio Grande W&SR,2024,172.0,134000.0,2.0,43000.0,86000.0,156000.0
River Raisin NBP,2024,240556.0,16927000.0,177.0,8210000.0,14659000.0,24254000.0
Rock Creek Park,2024,1917170.0,43866000.0,416.0,22457000.0,40947000.0,62980000.0
Rocky Mountain NP,2024,4154349.0,587882000.0,5421.0,303569000.0,541630000.0,861831000.0
Roger Williams NMEM,2024,43242.0,3043000.0,28.0,1656000.0,2806000.0,4339000.0
Rosie The Riveter WWII Home Front NHP,2024,34913.0,2457000.0,20.0,1328000.0,2237000.0,3326000.0
Ross Lake NRA,2024,971173.0,52924000.0,346.0,20944000.0,42761000.0,61534000.0
Russell Cave NM,2024,9261.0,652000.0,7.0,256000.0,471000.0,823000.0
Sagamore Hill NHS,2024,130259.0,9166000.0,76.0,5083000.0,8846000.0,12930000.0
Saguaro NP,2024,946369.0,73327000.0,736.0,37026000.0,66612000.0,108195000.0
Saint Croix Island IHS,2024,13508.0,950000.0,9.0,399000.0,742000.0,1226000.0
Saint Croix NSR,2024,900828.0,46999000.0,467.0,21981000.0,38879000.0,64709000.0
Saint Paul's Church NHS,2024,12135.0,853000.0,7.0,475000.0,825000.0,1208000.0
Saint-Gaudens NHP,2024,26685.0,1632000.0,16.0,886000.0,1522000.0,2335000.0
Salem Maritime NHP,2024,488831.0,34398000.0,327.0,19650000.0,32810000.0,50578000.0
Salinas Pueblo Missions NM,2024,38106.0,2682000.0,28.0,1108000.0,2013000.0,3456000.0
Salt River Bay NHP & EPRES,2024,13185.0,928000.0,8.0,407000.0,787000.0,1188000.0
San Antonio Missions NHP,2024,1278777.0,114683000.0,1285.0,53944000.0,99244000.0,171164000.0
San Francisco Maritime NHP,2024,2535134.0,75269000.0,541.0,34034000.0,57329000.0,86426000.0
San Juan Island NHP,2024,405925.0,28564000.0,208.0,12466000.0,24934000.0,36161000.0
San Juan NHS,2024,1329728.0,155834000.0,1358.0,77616000.0,154559000.0,229126000.0
Sand Creek Massacre NHS,2024,6401.0,450000.0,5.0,127000.0,265000.0,490000.0
Santa Monica Mountains NRA,2024,639745.0,33816000.0,305.0,16851000.0,29222000.0,46106000.0
Saratoga NHP,2024,116537.0,8200000.0,78.0,3464000.0,6423000.0,10383000.0
Saugus Iron Works NHS,2024,51921.0,3654000.0,35.0,2085000.0,3489000.0,5378000.0
Scotts Bluff NM,2024,183915.0,12942000.0,132.0,4211000.0,8223000.0,14769000.0
Sequoia NP,2024,1309573.0,119767000.0,1106.0,48047000.0,84303000.0,140243000.0
Shenandoah NP,2024,1720211.0,132363000.0,1184.0,61895000.0,112779000.0,175083000.0
Shiloh NMP,2024,386152.0,27173000.0,284.0,9694000.0,17946000.0,32172000.0
Sitka NHP,2024,309327.0,67537000.0,868.0,36198000.0,56340000.0,95460000.0
Sleeping Bear Dunes NL,2024,1670025.0,220283000.0,2098.0,83236000.0,164474000.0,271567000.0
Springfield Armory NHS,2024,15925.0,1121000.0,10.0,562000.0,977000.0,1517000.0
Statue of Liberty NM,2024,3722029.0,261914000.0,2216.0,145859000.0,252800000.0,372383000.0
Ste. Genevieve NHP,2024,23893.0,1681000.0,18.0,536000.0,991000.0,1852000.0
Steamtown NHS,2024,60243.0,3921000.0,43.0,1845000.0,3159000.0,5268000.0
Stones River NB,2024,446160.0,17186000.0,141.0,8387000.0,15318000.0,23759000.0
Stonewall NM,2024,2302641.0,162034000.0,1376.0,90184000.0,156521000.0,230810000.0
Sunset Crater Volcano NM,2024,73260.0,5155000.0,49.0,1976000.0,3548000.0,5938000.0
Tallgrass Prairie NPRES,2024,29955.0,2109000.0,24.0,871000.0,1561000.0,2791000.0
Thaddeus Kosciuszko NMEM,2024,2336.0,164000.0,2.0,89000.0,151000.0,243000.0
Theodore Roosevelt Birthplace NHS,2024,25086.0,1765000.0,15.0,982000.0,1705000.0,2514000.0
Theodore Roosevelt Inaugural NHS,2024,30141.0,2121000.0,20.0,937000.0,1757000.0,2806000.0
Theodore Roosevelt Island,2024,174954.0,12311000.0,115.0,6111000.0,11071000.0,17134000.0
Theodore Roosevelt NP,2024,732951.0,55795000.0,558.0,19040000.0,34640000.0,62557000.0
Thomas Edison NHP,2024,34031.0,828000.0,6.0,426000.0,706000.0,1030000.0
Thomas Jefferson MEM,2024,2915319.0,102675000.0,956.0,57283000.0,100957000.0,149821000.0
Thomas Stone NHS,2024,4538.0,319000.0,3.0,157000.0,285000.0,439000.0
Timpanogos Cave NM,2024,114034.0,8024000.0,86.0,3790000.0,7035000.0,11847000.0
Timucuan EHP,2024,997136.0,70167000.0,753.0,32064000.0,58874000.0,99158000.0
Tonto NM,2024,30840.0,2170000.0,22.0,1112000.0,1985000.0,3227000.0
Tule Lake NM,2024,3810.0,268000.0,3.0,99000.0,172000.0,302000.0
Tule Springs Fossil Beds NM,2024,60431.0,4252000.0,39.0,2039000.0,3725000.0,5801000.0
Tumacacori NHP,2024,35256.0,2481000.0,25.0,1047000.0,1890000.0,3193000.0
Tuskegee Airmen NHS,2024,28474.0,1421000.0,14.0,507000.0,970000.0,1739000.0
Tuskegee Institute NHS,2024,10037.0,706000.0,8.0,255000.0,475000.0,879000.0
Tuzigoot NM,2024,108283.0,7620000.0,77.0,3867000.0,6884000.0,11125000.0
Ulysses S. Grant NHS,2024,44732.0,3148000.0,36.0,1565000.0,2773000.0,4692000.0
Upper Delaware S&RR,2024,377061.0,19931000.0,146.0,9473000.0,16538000.0,24211000.0
Valles Caldera NPRES,2024,82111.0,6348000.0,63.0,2610000.0,4773000.0,8099000.0
Valley Forge NHP,2024,1866480.0,28915000.0,325.0,15881000.0,26550000.0,44774000.0
Vanderbilt Mansion NHS,2024,406077.0,17944000.0,160.0,7146000.0,13869000.0,22552000.0
Vicksburg NMP,2024,403332.0,28382000.0,323.0,11105000.0,21050000.0,37933000.0
Vietnam Veterans MEM,2024,5295711.0,121167000.0,1142.0,61970000.0,113038000.0,173543000.0
Virgin Islands NP,2024,423029.0,75989000.0,657.0,34203000.0,68985000.0,105838000.0
Voyageurs NP,2024,199030.0,19645000.0,193.0,8062000.0,14182000.0,24088000.0
Waco Mammoth NM,2024,111961.0,7879000.0,82.0,2966000.0,5559000.0,9681000.0
Walnut Canyon NM,2024,187205.0,13173000.0,124.0,5048000.0,9066000.0,15173000.0
War in the Pacific NHP,2024,373974.0,26316000.0,217.0,11535000.0,22312000.0,33679000.0
Washington Monument,2024,247208.0,5656000.0,53.0,2893000.0,5277000.0,8101000.0
Washita Battlefield NHS,2024,12369.0,870000.0,10.0,266000.0,513000.0,992000.0
Weir Farm NHP,2024,34246.0,2410000.0,20.0,1324000.0,2311000.0,3386000.0
Whiskeytown NRA,2024,812244.0,42755000.0,387.0,16251000.0,28070000.0,47192000.0
White House,2024,517030.0,11830000.0,112.0,6050000.0,11036000.0,16944000.0
White Sands NP,2024,702236.0,62354000.0,625.0,23511000.0,43926000.0,79704000.0
Whitman Mission NHS,2024,61331.0,4316000.0,36.0,1481000.0,3156000.0,4954000.0
William Howard Taft NHS,2024,31118.0,2189000.0,24.0,1044000.0,1830000.0,3103000.0
Wilson's Creek NB,2024,357805.0,25178000.0,276.0,10727000.0,18896000.0,33389000.0
Wind Cave NP,2024,489399.0,48637000.0,481.0,19213000.0,37451000.0,63464000.0
Wolf Trap NP for the Performing Arts,2024,447863.0,31516000.0,296.0,15680000.0,28389000.0,44039000.0
Women's Rights NHP,2024,33691.0,2938000.0,26.0,1287000.0,2459000.0,3844000.0
World War I MEM,2024,1084897.0,24823000.0,208.0,12053000.0,21856000.0,32506000.0
World War II MEM,2024,5160769.0,118080000.0,1113.0,60391000.0,110159000.0,169122000.0
Wrangell-St. Elias NP & PRES,2024,81670.0,158974000.0,1486.0,77303000.0,139707000.0,227766000.0
Wright Brothers NMEM,2024,406593.0,28611000.0,311.0,11307000.0,20927000.0,36544000.0
Wupatki NM,2024,220205.0,17079000.0,158.0,6581000.0,11872000.0,19738000.0
Yellowstone NP,2024,4744353.0,709686000.0,6563.0,322325000.0,544337000.0,903058000.0
Yosemite NP,2024,4121807.0,628956000.0,6107.0,270610000.0,476262000.0,795492000.0
Yukon-Charley Rivers NPRES,2024,1700.0,10380000.0,94.0,5032000.0,9224000.0,15037000.0
Zion NP,2024,4946592.0,774194000.0,8564.0,282472000.0,556282000.0,1048947000.0
